f1,f2,f3,w1,w2,w3
0.0,0.0,1.0,0.0,0.0,1.0
0.0,0.0333333333333333,0.9666666666666668,0.0,0.0333333333333333,0.9666666666666668
0.0,0.0666666666666666,0.9333333333333332,0.0,0.0666666666666666,0.9333333333333332
0.0,0.1,0.9,0.0,0.1,0.9
0.0,0.1333333333333333,0.8666666666666667,0.0,0.1333333333333333,0.8666666666666667
0.0,0.1666666666666666,0.8333333333333334,0.0,0.1666666666666666,0.8333333333333334
0.0,0.2,0.8,0.0,0.2,0.8
0.0,0.2333333333333333,0.7666666666666667,0.0,0.2333333333333333,0.7666666666666667
0.0,0.2666666666666666,0.7333333333333333,0.0,0.2666666666666666,0.7333333333333333
0.0,0.3,0.7,0.0,0.3,0.7
0.0,0.3333333333333333,0.6666666666666666,0.0,0.3333333333333333,0.6666666666666666
0.0,0.3666666666666666,0.6333333333333333,0.0,0.3666666666666666,0.6333333333333333
0.0,0.4,0.6,0.0,0.4,0.6
0.0,0.4333333333333333,0.5666666666666667,0.0,0.4333333333333333,0.5666666666666667
0.0,0.4666666666666667,0.5333333333333333,0.0,0.4666666666666667,0.5333333333333333
0.0,0.5,0.5,0.0,0.5,0.5
0.0,0.5333333333333333,0.4666666666666667,0.0,0.5333333333333333,0.4666666666666667
0.0,0.5666666666666667,0.4333333333333333,0.0,0.5666666666666667,0.4333333333333333
0.0,0.6,0.4,0.0,0.6,0.4
0.0,0.6333333333333333,0.3666666666666666,0.0,0.6333333333333333,0.3666666666666666
0.0,0.6666666666666666,0.3333333333333333,0.0,0.6666666666666666,0.3333333333333333
0.0,0.7,0.3,0.0,0.7,0.3
0.0,0.7333333333333333,0.2666666666666666,0.0,0.7333333333333333,0.2666666666666666
0.0,0.7666666666666667,0.2333333333333333,0.0,0.7666666666666667,0.2333333333333333
0.0,0.8,0.2,0.0,0.8,0.2
0.0,0.8333333333333334,0.1666666666666666,0.0,0.8333333333333334,0.1666666666666666
0.0,0.8666666666666667,0.1333333333333333,0.0,0.8666666666666667,0.1333333333333333
0.0,0.9,0.1,0.0,0.9,0.1
0.0,0.9333333333333332,0.0666666666666666,0.0,0.9333333333333332,0.0666666666666666
0.0,0.9666666666666668,0.0333333333333333,0.0,0.9666666666666668,0.0333333333333333
0.0,1.0,0.0,0.0,1.0,0.0
0.0333333333333333,0.0,0.9666666666666668,0.0333333333333333,0.0,0.9666666666666668
0.0333333333333333,0.0333333333333333,0.9333333333333332,0.0333333333333333,0.0333333333333333,0.9333333333333332
0.0333333333333333,0.0666666666666666,0.9,0.0333333333333333,0.0666666666666666,0.9
0.0333333333333333,0.1,0.8666666666666667,0.0333333333333333,0.1,0.8666666666666667
0.0333333333333333,0.1333333333333333,0.8333333333333334,0.0333333333333333,0.1333333333333333,0.8333333333333334
0.0333333333333333,0.1666666666666666,0.8,0.0333333333333333,0.1666666666666666,0.8
0.0333333333333333,0.2,0.7666666666666667,0.0333333333333333,0.2,0.7666666666666667
0.0333333333333333,0.2333333333333333,0.7333333333333333,0.0333333333333333,0.2333333333333333,0.7333333333333333
0.0333333333333333,0.2666666666666666,0.7,0.0333333333333333,0.2666666666666666,0.7
0.0333333333333333,0.3,0.6666666666666666,0.0333333333333333,0.3,0.6666666666666666
0.0333333333333333,0.3333333333333333,0.6333333333333333,0.0333333333333333,0.3333333333333333,0.6333333333333333
0.0333333333333333,0.3666666666666666,0.6,0.0333333333333333,0.3666666666666666,0.6
0.0333333333333333,0.4,0.5666666666666667,0.0333333333333333,0.4,0.5666666666666667
0.0333333333333333,0.4333333333333333,0.5333333333333333,0.0333333333333333,0.4333333333333333,0.5333333333333333
0.0333333333333333,0.4666666666666667,0.5,0.0333333333333333,0.4666666666666667,0.5
0.0333333333333333,0.5,0.4666666666666667,0.0333333333333333,0.5,0.4666666666666667
0.0333333333333333,0.5333333333333333,0.4333333333333333,0.0333333333333333,0.5333333333333333,0.4333333333333333
0.0333333333333333,0.5666666666666667,0.4,0.0333333333333333,0.5666666666666667,0.4
0.0333333333333333,0.6,0.3666666666666666,0.0333333333333333,0.6,0.3666666666666666
0.0333333333333333,0.6333333333333333,0.3333333333333333,0.0333333333333333,0.6333333333333333,0.3333333333333333
0.0333333333333333,0.6666666666666666,0.3,0.0333333333333333,0.6666666666666666,0.3
0.0333333333333333,0.7,0.2666666666666666,0.0333333333333333,0.7,0.2666666666666666
0.0333333333333333,0.7333333333333333,0.2333333333333333,0.0333333333333333,0.7333333333333333,0.2333333333333333
0.0333333333333333,0.7666666666666667,0.2,0.0333333333333333,0.7666666666666667,0.2
0.0333333333333333,0.8,0.1666666666666666,0.0333333333333333,0.8,0.1666666666666666
0.0333333333333333,0.8333333333333334,0.1333333333333333,0.0333333333333333,0.8333333333333334,0.1333333333333333
0.0333333333333333,0.8666666666666667,0.1,0.0333333333333333,0.8666666666666667,0.1
0.0333333333333333,0.9,0.0666666666666666,0.0333333333333333,0.9,0.0666666666666666
0.0333333333333333,0.9333333333333332,0.0333333333333333,0.0333333333333333,0.9333333333333332,0.0333333333333333
0.0333333333333333,0.9666666666666668,0.0,0.0333333333333333,0.9666666666666668,0.0
0.0666666666666666,0.0,0.9333333333333332,0.0666666666666666,0.0,0.9333333333333332
0.0666666666666666,0.0333333333333333,0.9,0.0666666666666666,0.0333333333333333,0.9
0.0666666666666666,0.0666666666666666,0.8666666666666667,0.0666666666666666,0.0666666666666666,0.8666666666666667
0.0666666666666666,0.1,0.8333333333333334,0.0666666666666666,0.1,0.8333333333333334
0.0666666666666666,0.1333333333333333,0.8,0.0666666666666666,0.1333333333333333,0.8
0.0666666666666666,0.1666666666666666,0.7666666666666667,0.0666666666666666,0.1666666666666666,0.7666666666666667
0.0666666666666666,0.2,0.7333333333333333,0.0666666666666666,0.2,0.7333333333333333
0.0666666666666666,0.2333333333333333,0.7,0.0666666666666666,0.2333333333333333,0.7
0.0666666666666666,0.2666666666666666,0.6666666666666666,0.0666666666666666,0.2666666666666666,0.6666666666666666
0.0666666666666666,0.3,0.6333333333333333,0.0666666666666666,0.3,0.6333333333333333
0.0666666666666666,0.3333333333333333,0.6,0.0666666666666666,0.3333333333333333,0.6
0.0666666666666666,0.3666666666666666,0.5666666666666667,0.0666666666666666,0.3666666666666666,0.5666666666666667
0.0666666666666666,0.4,0.5333333333333333,0.0666666666666666,0.4,0.5333333333333333
0.0666666666666666,0.4333333333333333,0.5,0.0666666666666666,0.4333333333333333,0.5
0.0666666666666666,0.4666666666666667,0.4666666666666667,0.0666666666666666,0.4666666666666667,0.4666666666666667
0.0666666666666666,0.5,0.4333333333333333,0.0666666666666666,0.5,0.4333333333333333
0.0666666666666666,0.5333333333333333,0.4,0.0666666666666666,0.5333333333333333,0.4
0.0666666666666666,0.5666666666666667,0.3666666666666666,0.0666666666666666,0.5666666666666667,0.3666666666666666
0.0666666666666666,0.6,0.3333333333333333,0.0666666666666666,0.6,0.3333333333333333
0.0666666666666666,0.6333333333333333,0.3,0.0666666666666666,0.6333333333333333,0.3
0.0666666666666666,0.6666666666666666,0.2666666666666666,0.0666666666666666,0.6666666666666666,0.2666666666666666
0.0666666666666666,0.7,0.2333333333333333,0.0666666666666666,0.7,0.2333333333333333
0.0666666666666666,0.7333333333333333,0.2,0.0666666666666666,0.7333333333333333,0.2
0.0666666666666666,0.7666666666666667,0.1666666666666666,0.0666666666666666,0.7666666666666667,0.1666666666666666
0.0666666666666666,0.8,0.1333333333333333,0.0666666666666666,0.8,0.1333333333333333
0.0666666666666666,0.8333333333333334,0.1,0.0666666666666666,0.8333333333333334,0.1
0.0666666666666666,0.8666666666666667,0.0666666666666666,0.0666666666666666,0.8666666666666667,0.0666666666666666
0.0666666666666666,0.9,0.0333333333333333,0.0666666666666666,0.9,0.0333333333333333
0.0666666666666666,0.9333333333333332,0.0,0.0666666666666666,0.9333333333333332,0.0
0.1,0.0,0.9,0.1,0.0,0.9
0.1,0.0333333333333333,0.8666666666666667,0.1,0.0333333333333333,0.8666666666666667
0.1,0.0666666666666666,0.8333333333333334,0.1,0.0666666666666666,0.8333333333333334
0.1,0.1,0.8,0.1,0.1,0.8
0.1,0.1333333333333333,0.7666666666666667,0.1,0.1333333333333333,0.7666666666666667
0.1,0.1666666666666666,0.7333333333333333,0.1,0.1666666666666666,0.7333333333333333
0.1,0.2,0.7,0.1,0.2,0.7
0.1,0.2333333333333333,0.6666666666666666,0.1,0.2333333333333333,0.6666666666666666
0.1,0.2666666666666666,0.6333333333333333,0.1,0.2666666666666666,0.6333333333333333
0.1,0.3,0.6,0.1,0.3,0.6
0.1,0.3333333333333333,0.5666666666666667,0.1,0.3333333333333333,0.5666666666666667
0.1,0.3666666666666666,0.5333333333333333,0.1,0.3666666666666666,0.5333333333333333
0.1,0.4,0.5,0.1,0.4,0.5
0.1,0.4333333333333333,0.4666666666666667,0.1,0.4333333333333333,0.4666666666666667
0.1,0.4666666666666667,0.4333333333333333,0.1,0.4666666666666667,0.4333333333333333
0.1,0.5,0.4,0.1,0.5,0.4
0.1,0.5333333333333333,0.3666666666666666,0.1,0.5333333333333333,0.3666666666666666
0.1,0.5666666666666667,0.3333333333333333,0.1,0.5666666666666667,0.3333333333333333
0.1,0.6,0.3,0.1,0.6,0.3
0.1,0.6333333333333333,0.2666666666666666,0.1,0.6333333333333333,0.2666666666666666
0.1,0.6666666666666666,0.2333333333333333,0.1,0.6666666666666666,0.2333333333333333
0.1,0.7,0.2,0.1,0.7,0.2
0.1,0.7333333333333333,0.1666666666666666,0.1,0.7333333333333333,0.1666666666666666
0.1,0.7666666666666667,0.1333333333333333,0.1,0.7666666666666667,0.1333333333333333
0.1,0.8,0.1,0.1,0.8,0.1
0.1,0.8333333333333334,0.0666666666666666,0.1,0.8333333333333334,0.0666666666666666
0.1,0.8666666666666667,0.0333333333333333,0.1,0.8666666666666667,0.0333333333333333
0.1,0.9,0.0,0.1,0.9,0.0
0.1333333333333333,0.0,0.8666666666666667,0.1333333333333333,0.0,0.8666666666666667
0.1333333333333333,0.0333333333333333,0.8333333333333334,0.1333333333333333,0.0333333333333333,0.8333333333333334
0.1333333333333333,0.0666666666666666,0.8,0.1333333333333333,0.0666666666666666,0.8
0.1333333333333333,0.1,0.7666666666666667,0.1333333333333333,0.1,0.7666666666666667
0.1333333333333333,0.1333333333333333,0.7333333333333333,0.1333333333333333,0.1333333333333333,0.7333333333333333
0.1333333333333333,0.1666666666666666,0.7,0.1333333333333333,0.1666666666666666,0.7
0.1333333333333333,0.2,0.6666666666666666,0.1333333333333333,0.2,0.6666666666666666
0.1333333333333333,0.2333333333333333,0.6333333333333333,0.1333333333333333,0.2333333333333333,0.6333333333333333
0.1333333333333333,0.2666666666666666,0.6,0.1333333333333333,0.2666666666666666,0.6
0.1333333333333333,0.3,0.5666666666666667,0.1333333333333333,0.3,0.5666666666666667
0.1333333333333333,0.3333333333333333,0.5333333333333333,0.1333333333333333,0.3333333333333333,0.5333333333333333
0.1333333333333333,0.3666666666666666,0.5,0.1333333333333333,0.3666666666666666,0.5
0.1333333333333333,0.4,0.4666666666666667,0.1333333333333333,0.4,0.4666666666666667
0.1333333333333333,0.4333333333333333,0.4333333333333333,0.1333333333333333,0.4333333333333333,0.4333333333333333
0.1333333333333333,0.4666666666666667,0.4,0.1333333333333333,0.4666666666666667,0.4
0.1333333333333333,0.5,0.3666666666666666,0.1333333333333333,0.5,0.3666666666666666
0.1333333333333333,0.5333333333333333,0.3333333333333333,0.1333333333333333,0.5333333333333333,0.3333333333333333
0.1333333333333333,0.5666666666666667,0.3,0.1333333333333333,0.5666666666666667,0.3
0.1333333333333333,0.6,0.2666666666666666,0.1333333333333333,0.6,0.2666666666666666
0.1333333333333333,0.6333333333333333,0.2333333333333333,0.1333333333333333,0.6333333333333333,0.2333333333333333
0.1333333333333333,0.6666666666666666,0.2,0.1333333333333333,0.6666666666666666,0.2
0.1333333333333333,0.7,0.1666666666666666,0.1333333333333333,0.7,0.1666666666666666
0.1333333333333333,0.7333333333333333,0.1333333333333333,0.1333333333333333,0.7333333333333333,0.1333333333333333
0.1333333333333333,0.7666666666666667,0.1,0.1333333333333333,0.7666666666666667,0.1
0.1333333333333333,0.8,0.0666666666666666,0.1333333333333333,0.8,0.0666666666666666
0.1333333333333333,0.8333333333333334,0.0333333333333333,0.1333333333333333,0.8333333333333334,0.0333333333333333
0.1333333333333333,0.8666666666666667,0.0,0.1333333333333333,0.8666666666666667,0.0
0.1666666666666666,0.0,0.8333333333333334,0.1666666666666666,0.0,0.8333333333333334
0.1666666666666666,0.0333333333333333,0.8,0.1666666666666666,0.0333333333333333,0.8
0.1666666666666666,0.0666666666666666,0.7666666666666667,0.1666666666666666,0.0666666666666666,0.7666666666666667
0.1666666666666666,0.1,0.7333333333333333,0.1666666666666666,0.1,0.7333333333333333
0.1666666666666666,0.1333333333333333,0.7,0.1666666666666666,0.1333333333333333,0.7
0.1666666666666666,0.1666666666666666,0.6666666666666666,0.1666666666666666,0.1666666666666666,0.6666666666666666
0.1666666666666666,0.2,0.6333333333333333,0.1666666666666666,0.2,0.6333333333333333
0.1666666666666666,0.2333333333333333,0.6,0.1666666666666666,0.2333333333333333,0.6
0.1666666666666666,0.2666666666666666,0.5666666666666667,0.1666666666666666,0.2666666666666666,0.5666666666666667
0.1666666666666666,0.3,0.5333333333333333,0.1666666666666666,0.3,0.5333333333333333
0.1666666666666666,0.3333333333333333,0.5,0.1666666666666666,0.3333333333333333,0.5
0.1666666666666666,0.3666666666666666,0.4666666666666667,0.1666666666666666,0.3666666666666666,0.4666666666666667
0.1666666666666666,0.4,0.4333333333333333,0.1666666666666666,0.4,0.4333333333333333
0.1666666666666666,0.4333333333333333,0.4,0.1666666666666666,0.4333333333333333,0.4
0.1666666666666666,0.4666666666666667,0.3666666666666666,0.1666666666666666,0.4666666666666667,0.3666666666666666
0.1666666666666666,0.5,0.3333333333333333,0.1666666666666666,0.5,0.3333333333333333
0.1666666666666666,0.5333333333333333,0.3,0.1666666666666666,0.5333333333333333,0.3
0.1666666666666666,0.5666666666666667,0.2666666666666666,0.1666666666666666,0.5666666666666667,0.2666666666666666
0.1666666666666666,0.6,0.2333333333333333,0.1666666666666666,0.6,0.2333333333333333
0.1666666666666666,0.6333333333333333,0.2,0.1666666666666666,0.6333333333333333,0.2
0.1666666666666666,0.6666666666666666,0.1666666666666666,0.1666666666666666,0.6666666666666666,0.1666666666666666
0.1666666666666666,0.7,0.1333333333333333,0.1666666666666666,0.7,0.1333333333333333
0.1666666666666666,0.7333333333333333,0.1,0.1666666666666666,0.7333333333333333,0.1
0.1666666666666666,0.7666666666666667,0.0666666666666666,0.1666666666666666,0.7666666666666667,0.0666666666666666
0.1666666666666666,0.8,0.0333333333333333,0.1666666666666666,0.8,0.0333333333333333
0.1666666666666666,0.8333333333333334,0.0,0.1666666666666666,0.8333333333333334,0.0
0.2,0.0,0.8,0.2,0.0,0.8
0.2,0.0333333333333333,0.7666666666666667,0.2,0.0333333333333333,0.7666666666666667
0.2,0.0666666666666666,0.7333333333333333,0.2,0.0666666666666666,0.7333333333333333
0.2,0.1,0.7,0.2,0.1,0.7
0.2,0.1333333333333333,0.6666666666666666,0.2,0.1333333333333333,0.6666666666666666
0.2,0.1666666666666666,0.6333333333333333,0.2,0.1666666666666666,0.6333333333333333
0.2,0.2,0.6,0.2,0.2,0.6
0.2,0.2333333333333333,0.5666666666666667,0.2,0.2333333333333333,0.5666666666666667
0.2,0.2666666666666666,0.5333333333333333,0.2,0.2666666666666666,0.5333333333333333
0.2,0.3,0.5,0.2,0.3,0.5
0.2,0.3333333333333333,0.4666666666666667,0.2,0.3333333333333333,0.4666666666666667
0.2,0.3666666666666666,0.4333333333333333,0.2,0.3666666666666666,0.4333333333333333
0.2,0.4,0.4,0.2,0.4,0.4
0.2,0.4333333333333333,0.3666666666666666,0.2,0.4333333333333333,0.3666666666666666
0.2,0.4666666666666667,0.3333333333333333,0.2,0.4666666666666667,0.3333333333333333
0.2,0.5,0.3,0.2,0.5,0.3
0.2,0.5333333333333333,0.2666666666666666,0.2,0.5333333333333333,0.2666666666666666
0.2,0.5666666666666667,0.2333333333333333,0.2,0.5666666666666667,0.2333333333333333
0.2,0.6,0.2,0.2,0.6,0.2
0.2,0.6333333333333333,0.1666666666666666,0.2,0.6333333333333333,0.1666666666666666
0.2,0.6666666666666666,0.1333333333333333,0.2,0.6666666666666666,0.1333333333333333
0.2,0.7,0.1,0.2,0.7,0.1
0.2,0.7333333333333333,0.0666666666666666,0.2,0.7333333333333333,0.0666666666666666
0.2,0.7666666666666667,0.0333333333333333,0.2,0.7666666666666667,0.0333333333333333
0.2,0.8,0.0,0.2,0.8,0.0
0.2333333333333333,0.0,0.7666666666666667,0.2333333333333333,0.0,0.7666666666666667
0.2333333333333333,0.0333333333333333,0.7333333333333333,0.2333333333333333,0.0333333333333333,0.7333333333333333
0.2333333333333333,0.0666666666666666,0.7,0.2333333333333333,0.0666666666666666,0.7
0.2333333333333333,0.1,0.6666666666666666,0.2333333333333333,0.1,0.6666666666666666
0.2333333333333333,0.1333333333333333,0.6333333333333333,0.2333333333333333,0.1333333333333333,0.6333333333333333
0.2333333333333333,0.1666666666666666,0.6,0.2333333333333333,0.1666666666666666,0.6
0.2333333333333333,0.2,0.5666666666666667,0.2333333333333333,0.2,0.5666666666666667
0.2333333333333333,0.2333333333333333,0.5333333333333333,0.2333333333333333,0.2333333333333333,0.5333333333333333
0.2333333333333333,0.2666666666666666,0.5,0.2333333333333333,0.2666666666666666,0.5
0.2333333333333333,0.3,0.4666666666666667,0.2333333333333333,0.3,0.4666666666666667
0.2333333333333333,0.3333333333333333,0.4333333333333333,0.2333333333333333,0.3333333333333333,0.4333333333333333
0.2333333333333333,0.3666666666666666,0.4,0.2333333333333333,0.3666666666666666,0.4
0.2333333333333333,0.4,0.3666666666666666,0.2333333333333333,0.4,0.3666666666666666
0.2333333333333333,0.4333333333333333,0.3333333333333333,0.2333333333333333,0.4333333333333333,0.3333333333333333
0.2333333333333333,0.4666666666666667,0.3,0.2333333333333333,0.4666666666666667,0.3
0.2333333333333333,0.5,0.2666666666666666,0.2333333333333333,0.5,0.2666666666666666
0.2333333333333333,0.5333333333333333,0.2333333333333333,0.2333333333333333,0.5333333333333333,0.2333333333333333
0.2333333333333333,0.5666666666666667,0.2,0.2333333333333333,0.5666666666666667,0.2
0.2333333333333333,0.6,0.1666666666666666,0.2333333333333333,0.6,0.1666666666666666
0.2333333333333333,0.6333333333333333,0.1333333333333333,0.2333333333333333,0.6333333333333333,0.1333333333333333
0.2333333333333333,0.6666666666666666,0.1,0.2333333333333333,0.6666666666666666,0.1
0.2333333333333333,0.7,0.0666666666666666,0.2333333333333333,0.7,0.0666666666666666
0.2333333333333333,0.7333333333333333,0.0333333333333333,0.2333333333333333,0.7333333333333333,0.0333333333333333
0.2333333333333333,0.7666666666666667,0.0,0.2333333333333333,0.7666666666666667,0.0
0.2666666666666666,0.0,0.7333333333333333,0.2666666666666666,0.0,0.7333333333333333
0.2666666666666666,0.0333333333333333,0.7,0.2666666666666666,0.0333333333333333,0.7
0.2666666666666666,0.0666666666666666,0.6666666666666666,0.2666666666666666,0.0666666666666666,0.6666666666666666
0.2666666666666666,0.1,0.6333333333333333,0.2666666666666666,0.1,0.6333333333333333
0.2666666666666666,0.1333333333333333,0.6,0.2666666666666666,0.1333333333333333,0.6
0.2666666666666666,0.1666666666666666,0.5666666666666667,0.2666666666666666,0.1666666666666666,0.5666666666666667
0.2666666666666666,0.2,0.5333333333333333,0.2666666666666666,0.2,0.5333333333333333
0.2666666666666666,0.2333333333333333,0.5,0.2666666666666666,0.2333333333333333,0.5
0.2666666666666666,0.2666666666666666,0.4666666666666667,0.2666666666666666,0.2666666666666666,0.4666666666666667
0.2666666666666666,0.3,0.4333333333333333,0.2666666666666666,0.3,0.4333333333333333
0.2666666666666666,0.3333333333333333,0.4,0.2666666666666666,0.3333333333333333,0.4
0.2666666666666666,0.3666666666666666,0.3666666666666666,0.2666666666666666,0.3666666666666666,0.3666666666666666
0.2666666666666666,0.4,0.3333333333333333,0.2666666666666666,0.4,0.3333333333333333
0.2666666666666666,0.4333333333333333,0.3,0.2666666666666666,0.4333333333333333,0.3
0.2666666666666666,0.4666666666666667,0.2666666666666666,0.2666666666666666,0.4666666666666667,0.2666666666666666
0.2666666666666666,0.5,0.2333333333333333,0.2666666666666666,0.5,0.2333333333333333
0.2666666666666666,0.5333333333333333,0.2,0.2666666666666666,0.5333333333333333,0.2
0.2666666666666666,0.5666666666666667,0.1666666666666666,0.2666666666666666,0.5666666666666667,0.1666666666666666
0.2666666666666666,0.6,0.1333333333333333,0.2666666666666666,0.6,0.1333333333333333
0.2666666666666666,0.6333333333333333,0.1,0.2666666666666666,0.6333333333333333,0.1
0.2666666666666666,0.6666666666666666,0.0666666666666666,0.2666666666666666,0.6666666666666666,0.0666666666666666
0.2666666666666666,0.7,0.0333333333333333,0.2666666666666666,0.7,0.0333333333333333
0.2666666666666666,0.7333333333333333,0.0,0.2666666666666666,0.7333333333333333,0.0
0.3,0.0,0.7,0.3,0.0,0.7
0.3,0.0333333333333333,0.6666666666666666,0.3,0.0333333333333333,0.6666666666666666
0.3,0.0666666666666666,0.6333333333333333,0.3,0.0666666666666666,0.6333333333333333
0.3,0.1,0.6,0.3,0.1,0.6
0.3,0.1333333333333333,0.5666666666666667,0.3,0.1333333333333333,0.5666666666666667
0.3,0.1666666666666666,0.5333333333333333,0.3,0.1666666666666666,0.5333333333333333
0.3,0.2,0.5,0.3,0.2,0.5
0.3,0.2333333333333333,0.4666666666666667,0.3,0.2333333333333333,0.4666666666666667
0.3,0.2666666666666666,0.4333333333333333,0.3,0.2666666666666666,0.4333333333333333
0.3,0.3,0.4,0.3,0.3,0.4
0.3,0.3333333333333333,0.3666666666666666,0.3,0.3333333333333333,0.3666666666666666
0.3,0.3666666666666666,0.3333333333333333,0.3,0.3666666666666666,0.3333333333333333
0.3,0.4,0.3,0.3,0.4,0.3
0.3,0.4333333333333333,0.2666666666666666,0.3,0.4333333333333333,0.2666666666666666
0.3,0.4666666666666667,0.2333333333333333,0.3,0.4666666666666667,0.2333333333333333
0.3,0.5,0.2,0.3,0.5,0.2
0.3,0.5333333333333333,0.1666666666666666,0.3,0.5333333333333333,0.1666666666666666
0.3,0.5666666666666667,0.1333333333333333,0.3,0.5666666666666667,0.1333333333333333
0.3,0.6,0.1,0.3,0.6,0.1
0.3,0.6333333333333333,0.0666666666666666,0.3,0.6333333333333333,0.0666666666666666
0.3,0.6666666666666666,0.0333333333333333,0.3,0.6666666666666666,0.0333333333333333
0.3,0.7,0.0,0.3,0.7,0.0
0.3333333333333333,0.0,0.6666666666666666,0.3333333333333333,0.0,0.6666666666666666
0.3333333333333333,0.0333333333333333,0.6333333333333333,0.3333333333333333,0.0333333333333333,0.6333333333333333
0.3333333333333333,0.0666666666666666,0.6,0.3333333333333333,0.0666666666666666,0.6
0.3333333333333333,0.1,0.5666666666666667,0.3333333333333333,0.1,0.5666666666666667
0.3333333333333333,0.1333333333333333,0.5333333333333333,0.3333333333333333,0.1333333333333333,0.5333333333333333
0.3333333333333333,0.1666666666666666,0.5,0.3333333333333333,0.1666666666666666,0.5
0.3333333333333333,0.2,0.4666666666666667,0.3333333333333333,0.2,0.4666666666666667
0.3333333333333333,0.2333333333333333,0.4333333333333333,0.3333333333333333,0.2333333333333333,0.4333333333333333
0.3333333333333333,0.2666666666666666,0.4,0.3333333333333333,0.2666666666666666,0.4
0.3333333333333333,0.3,0.3666666666666666,0.3333333333333333,0.3,0.3666666666666666
0.3333333333333333,0.3333333333333333,0.3333333333333333,0.3333333333333333,0.3333333333333333,0.3333333333333333
0.3333333333333333,0.3666666666666666,0.3,0.3333333333333333,0.3666666666666666,0.3
0.3333333333333333,0.4,0.2666666666666666,0.3333333333333333,0.4,0.2666666666666666
0.3333333333333333,0.4333333333333333,0.2333333333333333,0.3333333333333333,0.4333333333333333,0.2333333333333333
0.3333333333333333,0.4666666666666667,0.2,0.3333333333333333,0.4666666666666667,0.2
0.3333333333333333,0.5,0.1666666666666666,0.3333333333333333,0.5,0.1666666666666666
0.3333333333333333,0.5333333333333333,0.1333333333333333,0.3333333333333333,0.5333333333333333,0.1333333333333333
0.3333333333333333,0.5666666666666667,0.1,0.3333333333333333,0.5666666666666667,0.1
0.3333333333333333,0.6,0.0666666666666666,0.3333333333333333,0.6,0.0666666666666666
0.3333333333333333,0.6333333333333333,0.0333333333333333,0.3333333333333333,0.6333333333333333,0.0333333333333333
0.3333333333333333,0.6666666666666666,0.0,0.3333333333333333,0.6666666666666666,0.0
0.3666666666666666,0.0,0.6333333333333333,0.3666666666666666,0.0,0.6333333333333333
0.3666666666666666,0.0333333333333333,0.6,0.3666666666666666,0.0333333333333333,0.6
0.3666666666666666,0.0666666666666666,0.5666666666666667,0.3666666666666666,0.0666666666666666,0.5666666666666667
0.3666666666666666,0.1,0.5333333333333333,0.3666666666666666,0.1,0.5333333333333333
0.3666666666666666,0.1333333333333333,0.5,0.3666666666666666,0.1333333333333333,0.5
0.3666666666666666,0.1666666666666666,0.4666666666666667,0.3666666666666666,0.1666666666666666,0.4666666666666667
0.3666666666666666,0.2,0.4333333333333333,0.3666666666666666,0.2,0.4333333333333333
0.3666666666666666,0.2333333333333333,0.4,0.3666666666666666,0.2333333333333333,0.4
0.3666666666666666,0.2666666666666666,0.3666666666666666,0.3666666666666666,0.2666666666666666,0.3666666666666666
0.3666666666666666,0.3,0.3333333333333333,0.3666666666666666,0.3,0.3333333333333333
0.3666666666666666,0.3333333333333333,0.3,0.3666666666666666,0.3333333333333333,0.3
0.3666666666666666,0.3666666666666666,0.2666666666666666,0.3666666666666666,0.3666666666666666,0.2666666666666666
0.3666666666666666,0.4,0.2333333333333333,0.3666666666666666,0.4,0.2333333333333333
0.3666666666666666,0.4333333333333333,0.2,0.3666666666666666,0.4333333333333333,0.2
0.3666666666666666,0.4666666666666667,0.1666666666666666,0.3666666666666666,0.4666666666666667,0.1666666666666666
0.3666666666666666,0.5,0.1333333333333333,0.3666666666666666,0.5,0.1333333333333333
0.3666666666666666,0.5333333333333333,0.1,0.3666666666666666,0.5333333333333333,0.1
0.3666666666666666,0.5666666666666667,0.0666666666666666,0.3666666666666666,0.5666666666666667,0.0666666666666666
0.3666666666666666,0.6,0.0333333333333333,0.3666666666666666,0.6,0.0333333333333333
0.3666666666666666,0.6333333333333333,0.0,0.3666666666666666,0.6333333333333333,0.0
0.4,0.0,0.6,0.4,0.0,0.6
0.4,0.0333333333333333,0.5666666666666667,0.4,0.0333333333333333,0.5666666666666667
0.4,0.0666666666666666,0.5333333333333333,0.4,0.0666666666666666,0.5333333333333333
0.4,0.1,0.5,0.4,0.1,0.5
0.4,0.1333333333333333,0.4666666666666667,0.4,0.1333333333333333,0.4666666666666667
0.4,0.1666666666666666,0.4333333333333333,0.4,0.1666666666666666,0.4333333333333333
0.4,0.2,0.4,0.4,0.2,0.4
0.4,0.2333333333333333,0.3666666666666666,0.4,0.2333333333333333,0.3666666666666666
0.4,0.2666666666666666,0.3333333333333333,0.4,0.2666666666666666,0.3333333333333333
0.4,0.3,0.3,0.4,0.3,0.3
0.4,0.3333333333333333,0.2666666666666666,0.4,0.3333333333333333,0.2666666666666666
0.4,0.3666666666666666,0.2333333333333333,0.4,0.3666666666666666,0.2333333333333333
0.4,0.4,0.2,0.4,0.4,0.2
0.4,0.4333333333333333,0.1666666666666666,0.4,0.4333333333333333,0.1666666666666666
0.4,0.4666666666666667,0.1333333333333333,0.4,0.4666666666666667,0.1333333333333333
0.4,0.5,0.1,0.4,0.5,0.1
0.4,0.5333333333333333,0.0666666666666666,0.4,0.5333333333333333,0.0666666666666666
0.4,0.5666666666666667,0.0333333333333333,0.4,0.5666666666666667,0.0333333333333333
0.4,0.6,0.0,0.4,0.6,0.0
0.4333333333333333,0.0,0.5666666666666667,0.4333333333333333,0.0,0.5666666666666667
0.4333333333333333,0.0333333333333333,0.5333333333333333,0.4333333333333333,0.0333333333333333,0.5333333333333333
0.4333333333333333,0.0666666666666666,0.5,0.4333333333333333,0.0666666666666666,0.5
0.4333333333333333,0.1,0.4666666666666667,0.4333333333333333,0.1,0.4666666666666667
0.4333333333333333,0.1333333333333333,0.4333333333333333,0.4333333333333333,0.1333333333333333,0.4333333333333333
0.4333333333333333,0.1666666666666666,0.4,0.4333333333333333,0.1666666666666666,0.4
0.4333333333333333,0.2,0.3666666666666666,0.4333333333333333,0.2,0.3666666666666666
0.4333333333333333,0.2333333333333333,0.3333333333333333,0.4333333333333333,0.2333333333333333,0.3333333333333333
0.4333333333333333,0.2666666666666666,0.3,0.4333333333333333,0.2666666666666666,0.3
0.4333333333333333,0.3,0.2666666666666666,0.4333333333333333,0.3,0.2666666666666666
0.4333333333333333,0.3333333333333333,0.2333333333333333,0.4333333333333333,0.3333333333333333,0.2333333333333333
0.4333333333333333,0.3666666666666666,0.2,0.4333333333333333,0.3666666666666666,0.2
0.4333333333333333,0.4,0.1666666666666666,0.4333333333333333,0.4,0.1666666666666666
0.4333333333333333,0.4333333333333333,0.1333333333333333,0.4333333333333333,0.4333333333333333,0.1333333333333333
0.4333333333333333,0.4666666666666667,0.1,0.4333333333333333,0.4666666666666667,0.1
0.4333333333333333,0.5,0.0666666666666666,0.4333333333333333,0.5,0.0666666666666666
0.4333333333333333,0.5333333333333333,0.0333333333333333,0.4333333333333333,0.5333333333333333,0.0333333333333333
0.4333333333333333,0.5666666666666667,0.0,0.4333333333333333,0.5666666666666667,0.0
0.4666666666666667,0.0,0.5333333333333333,0.4666666666666667,0.0,0.5333333333333333
0.4666666666666667,0.0333333333333333,0.5,0.4666666666666667,0.0333333333333333,0.5
0.4666666666666667,0.0666666666666666,0.4666666666666667,0.4666666666666667,0.0666666666666666,0.4666666666666667
0.4666666666666667,0.1,0.4333333333333333,0.4666666666666667,0.1,0.4333333333333333
0.4666666666666667,0.1333333333333333,0.4,0.4666666666666667,0.1333333333333333,0.4
0.4666666666666667,0.1666666666666666,0.3666666666666666,0.4666666666666667,0.1666666666666666,0.3666666666666666
0.4666666666666667,0.2,0.3333333333333333,0.4666666666666667,0.2,0.3333333333333333
0.4666666666666667,0.2333333333333333,0.3,0.4666666666666667,0.2333333333333333,0.3
0.4666666666666667,0.2666666666666666,0.2666666666666666,0.4666666666666667,0.2666666666666666,0.2666666666666666
0.4666666666666667,0.3,0.2333333333333333,0.4666666666666667,0.3,0.2333333333333333
0.4666666666666667,0.3333333333333333,0.2,0.4666666666666667,0.3333333333333333,0.2
0.4666666666666667,0.3666666666666666,0.1666666666666666,0.4666666666666667,0.3666666666666666,0.1666666666666666
0.4666666666666667,0.4,0.1333333333333333,0.4666666666666667,0.4,0.1333333333333333
0.4666666666666667,0.4333333333333333,0.1,0.4666666666666667,0.4333333333333333,0.1
0.4666666666666667,0.4666666666666667,0.0666666666666666,0.4666666666666667,0.4666666666666667,0.0666666666666666
0.4666666666666667,0.5,0.0333333333333333,0.4666666666666667,0.5,0.0333333333333333
0.4666666666666667,0.5333333333333333,0.0,0.4666666666666667,0.5333333333333333,0.0
0.5,0.0,0.5,0.5,0.0,0.5
0.5,0.0333333333333333,0.4666666666666667,0.5,0.0333333333333333,0.4666666666666667
0.5,0.0666666666666666,0.4333333333333333,0.5,0.0666666666666666,0.4333333333333333
0.5,0.1,0.4,0.5,0.1,0.4
0.5,0.1333333333333333,0.3666666666666666,0.5,0.1333333333333333,0.3666666666666666
0.5,0.1666666666666666,0.3333333333333333,0.5,0.1666666666666666,0.3333333333333333
0.5,0.2,0.3,0.5,0.2,0.3
0.5,0.2333333333333333,0.2666666666666666,0.5,0.2333333333333333,0.2666666666666666
0.5,0.2666666666666666,0.2333333333333333,0.5,0.2666666666666666,0.2333333333333333
0.5,0.3,0.2,0.5,0.3,0.2
0.5,0.3333333333333333,0.1666666666666666,0.5,0.3333333333333333,0.1666666666666666
0.5,0.3666666666666666,0.1333333333333333,0.5,0.3666666666666666,0.1333333333333333
0.5,0.4,0.1,0.5,0.4,0.1
0.5,0.4333333333333333,0.0666666666666666,0.5,0.4333333333333333,0.0666666666666666
0.5,0.4666666666666667,0.0333333333333333,0.5,0.4666666666666667,0.0333333333333333
0.5,0.5,0.0,0.5,0.5,0.0
0.5333333333333333,0.0,0.4666666666666667,0.5333333333333333,0.0,0.4666666666666667
0.5333333333333333,0.0333333333333333,0.4333333333333333,0.5333333333333333,0.0333333333333333,0.4333333333333333
0.5333333333333333,0.0666666666666666,0.4,0.5333333333333333,0.0666666666666666,0.4
0.5333333333333333,0.1,0.3666666666666666,0.5333333333333333,0.1,0.3666666666666666
0.5333333333333333,0.1333333333333333,0.3333333333333333,0.5333333333333333,0.1333333333333333,0.3333333333333333
0.5333333333333333,0.1666666666666666,0.3,0.5333333333333333,0.1666666666666666,0.3
0.5333333333333333,0.2,0.2666666666666666,0.5333333333333333,0.2,0.2666666666666666
0.5333333333333333,0.2333333333333333,0.2333333333333333,0.5333333333333333,0.2333333333333333,0.2333333333333333
0.5333333333333333,0.2666666666666666,0.2,0.5333333333333333,0.2666666666666666,0.2
0.5333333333333333,0.3,0.1666666666666666,0.5333333333333333,0.3,0.1666666666666666
0.5333333333333333,0.3333333333333333,0.1333333333333333,0.5333333333333333,0.3333333333333333,0.1333333333333333
0.5333333333333333,0.3666666666666666,0.1,0.5333333333333333,0.3666666666666666,0.1
0.5333333333333333,0.4,0.0666666666666666,0.5333333333333333,0.4,0.0666666666666666
0.5333333333333333,0.4333333333333333,0.0333333333333333,0.5333333333333333,0.4333333333333333,0.0333333333333333
0.5333333333333333,0.4666666666666667,0.0,0.5333333333333333,0.4666666666666667,0.0
0.5666666666666667,0.0,0.4333333333333333,0.5666666666666667,0.0,0.4333333333333333
0.5666666666666667,0.0333333333333333,0.4,0.5666666666666667,0.0333333333333333,0.4
0.5666666666666667,0.0666666666666666,0.3666666666666666,0.5666666666666667,0.0666666666666666,0.3666666666666666
0.5666666666666667,0.1,0.3333333333333333,0.5666666666666667,0.1,0.3333333333333333
0.5666666666666667,0.1333333333333333,0.3,0.5666666666666667,0.1333333333333333,0.3
0.5666666666666667,0.1666666666666666,0.2666666666666666,0.5666666666666667,0.1666666666666666,0.2666666666666666
0.5666666666666667,0.2,0.2333333333333333,0.5666666666666667,0.2,0.2333333333333333
0.5666666666666667,0.2333333333333333,0.2,0.5666666666666667,0.2333333333333333,0.2
0.5666666666666667,0.2666666666666666,0.1666666666666666,0.5666666666666667,0.2666666666666666,0.1666666666666666
0.5666666666666667,0.3,0.1333333333333333,0.5666666666666667,0.3,0.1333333333333333
0.5666666666666667,0.3333333333333333,0.1,0.5666666666666667,0.3333333333333333,0.1
0.5666666666666667,0.3666666666666666,0.0666666666666666,0.5666666666666667,0.3666666666666666,0.0666666666666666
0.5666666666666667,0.4,0.0333333333333333,0.5666666666666667,0.4,0.0333333333333333
0.5666666666666667,0.4333333333333333,0.0,0.5666666666666667,0.4333333333333333,0.0
0.6,0.0,0.4,0.6,0.0,0.4
0.6,0.0333333333333333,0.3666666666666666,0.6,0.0333333333333333,0.3666666666666666
0.6,0.0666666666666666,0.3333333333333333,0.6,0.0666666666666666,0.3333333333333333
0.6,0.1,0.3,0.6,0.1,0.3
0.6,0.1333333333333333,0.2666666666666666,0.6,0.1333333333333333,0.2666666666666666
0.6,0.1666666666666666,0.2333333333333333,0.6,0.1666666666666666,0.2333333333333333
0.6,0.2,0.2,0.6,0.2,0.2
0.6,0.2333333333333333,0.1666666666666666,0.6,0.2333333333333333,0.1666666666666666
0.6,0.2666666666666666,0.1333333333333333,0.6,0.2666666666666666,0.1333333333333333
0.6,0.3,0.1,0.6,0.3,0.1
0.6,0.3333333333333333,0.0666666666666666,0.6,0.3333333333333333,0.0666666666666666
0.6,0.3666666666666666,0.0333333333333333,0.6,0.3666666666666666,0.0333333333333333
0.6,0.4,0.0,0.6,0.4,0.0
0.6333333333333333,0.0,0.3666666666666666,0.6333333333333333,0.0,0.3666666666666666
0.6333333333333333,0.0333333333333333,0.3333333333333333,0.6333333333333333,0.0333333333333333,0.3333333333333333
0.6333333333333333,0.0666666666666666,0.3,0.6333333333333333,0.0666666666666666,0.3
0.6333333333333333,0.1,0.2666666666666666,0.6333333333333333,0.1,0.2666666666666666
0.6333333333333333,0.1333333333333333,0.2333333333333333,0.6333333333333333,0.1333333333333333,0.2333333333333333
0.6333333333333333,0.1666666666666666,0.2,0.6333333333333333,0.1666666666666666,0.2
0.6333333333333333,0.2,0.1666666666666666,0.6333333333333333,0.2,0.1666666666666666
0.6333333333333333,0.2333333333333333,0.1333333333333333,0.6333333333333333,0.2333333333333333,0.1333333333333333
0.6333333333333333,0.2666666666666666,0.1,0.6333333333333333,0.2666666666666666,0.1
0.6333333333333333,0.3,0.0666666666666666,0.6333333333333333,0.3,0.0666666666666666
0.6333333333333333,0.3333333333333333,0.0333333333333333,0.6333333333333333,0.3333333333333333,0.0333333333333333
0.6333333333333333,0.3666666666666666,0.0,0.6333333333333333,0.3666666666666666,0.0
0.6666666666666666,0.0,0.3333333333333333,0.6666666666666666,0.0,0.3333333333333333
0.6666666666666666,0.0333333333333333,0.3,0.6666666666666666,0.0333333333333333,0.3
0.6666666666666666,0.0666666666666666,0.2666666666666666,0.6666666666666666,0.0666666666666666,0.2666666666666666
0.6666666666666666,0.1,0.2333333333333333,0.6666666666666666,0.1,0.2333333333333333
0.6666666666666666,0.1333333333333333,0.2,0.6666666666666666,0.1333333333333333,0.2
0.6666666666666666,0.1666666666666666,0.1666666666666666,0.6666666666666666,0.1666666666666666,0.1666666666666666
0.6666666666666666,0.2,0.1333333333333333,0.6666666666666666,0.2,0.1333333333333333
0.6666666666666666,0.2333333333333333,0.1,0.6666666666666666,0.2333333333333333,0.1
0.6666666666666666,0.2666666666666666,0.0666666666666666,0.6666666666666666,0.2666666666666666,0.0666666666666666
0.6666666666666666,0.3,0.0333333333333333,0.6666666666666666,0.3,0.0333333333333333
0.6666666666666666,0.3333333333333333,0.0,0.6666666666666666,0.3333333333333333,0.0
0.7,0.0,0.3,0.7,0.0,0.3
0.7,0.0333333333333333,0.2666666666666666,0.7,0.0333333333333333,0.2666666666666666
0.7,0.0666666666666666,0.2333333333333333,0.7,0.0666666666666666,0.2333333333333333
0.7,0.1,0.2,0.7,0.1,0.2
0.7,0.1333333333333333,0.1666666666666666,0.7,0.1333333333333333,0.1666666666666666
0.7,0.1666666666666666,0.1333333333333333,0.7,0.1666666666666666,0.1333333333333333
0.7,0.2,0.1,0.7,0.2,0.1
0.7,0.2333333333333333,0.0666666666666666,0.7,0.2333333333333333,0.0666666666666666
0.7,0.2666666666666666,0.0333333333333333,0.7,0.2666666666666666,0.0333333333333333
0.7,0.3,0.0,0.7,0.3,0.0
0.7333333333333333,0.0,0.2666666666666666,0.7333333333333333,0.0,0.2666666666666666
0.7333333333333333,0.0333333333333333,0.2333333333333333,0.7333333333333333,0.0333333333333333,0.2333333333333333
0.7333333333333333,0.0666666666666666,0.2,0.7333333333333333,0.0666666666666666,0.2
0.7333333333333333,0.1,0.1666666666666666,0.7333333333333333,0.1,0.1666666666666666
0.7333333333333333,0.1333333333333333,0.1333333333333333,0.7333333333333333,0.1333333333333333,0.1333333333333333
0.7333333333333333,0.1666666666666666,0.1,0.7333333333333333,0.1666666666666666,0.1
0.7333333333333333,0.2,0.0666666666666666,0.7333333333333333,0.2,0.0666666666666666
0.7333333333333333,0.2333333333333333,0.0333333333333333,0.7333333333333333,0.2333333333333333,0.0333333333333333
0.7333333333333333,0.2666666666666666,0.0,0.7333333333333333,0.2666666666666666,0.0
0.7666666666666667,0.0,0.2333333333333333,0.7666666666666667,0.0,0.2333333333333333
0.7666666666666667,0.0333333333333333,0.2,0.7666666666666667,0.0333333333333333,0.2
0.7666666666666667,0.0666666666666666,0.1666666666666666,0.7666666666666667,0.0666666666666666,0.1666666666666666
0.7666666666666667,0.1,0.1333333333333333,0.7666666666666667,0.1,0.1333333333333333
0.7666666666666667,0.1333333333333333,0.1,0.7666666666666667,0.1333333333333333,0.1
0.7666666666666667,0.1666666666666666,0.0666666666666666,0.7666666666666667,0.1666666666666666,0.0666666666666666
0.7666666666666667,0.2,0.0333333333333333,0.7666666666666667,0.2,0.0333333333333333
0.7666666666666667,0.2333333333333333,0.0,0.7666666666666667,0.2333333333333333,0.0
0.8,0.0,0.2,0.8,0.0,0.2
0.8,0.0333333333333333,0.1666666666666666,0.8,0.0333333333333333,0.1666666666666666
0.8,0.0666666666666666,0.1333333333333333,0.8,0.0666666666666666,0.1333333333333333
0.8,0.1,0.1,0.8,0.1,0.1
0.8,0.1333333333333333,0.0666666666666666,0.8,0.1333333333333333,0.0666666666666666
0.8,0.1666666666666666,0.0333333333333333,0.8,0.1666666666666666,0.0333333333333333
0.8,0.2,0.0,0.8,0.2,0.0
0.8333333333333334,0.0,0.1666666666666666,0.8333333333333334,0.0,0.1666666666666666
0.8333333333333334,0.0333333333333333,0.1333333333333333,0.8333333333333334,0.0333333333333333,0.1333333333333333
0.8333333333333334,0.0666666666666666,0.1,0.8333333333333334,0.0666666666666666,0.1
0.8333333333333334,0.1,0.0666666666666666,0.8333333333333334,0.1,0.0666666666666666
0.8333333333333334,0.1333333333333333,0.0333333333333333,0.8333333333333334,0.1333333333333333,0.0333333333333333
0.8333333333333334,0.1666666666666666,0.0,0.8333333333333334,0.1666666666666666,0.0
0.8666666666666667,0.0,0.1333333333333333,0.8666666666666667,0.0,0.1333333333333333
0.8666666666666667,0.0333333333333333,0.1,0.8666666666666667,0.0333333333333333,0.1
0.8666666666666667,0.0666666666666666,0.0666666666666666,0.8666666666666667,0.0666666666666666,0.0666666666666666
0.8666666666666667,0.1,0.0333333333333333,0.8666666666666667,0.1,0.0333333333333333
0.8666666666666667,0.1333333333333333,0.0,0.8666666666666667,0.1333333333333333,0.0
0.9,0.0,0.1,0.9,0.0,0.1
0.9,0.0333333333333333,0.0666666666666666,0.9,0.0333333333333333,0.0666666666666666
0.9,0.0666666666666666,0.0333333333333333,0.9,0.0666666666666666,0.0333333333333333
0.9,0.1,0.0,0.9,0.1,0.0
0.9333333333333332,0.0,0.0666666666666666,0.9333333333333332,0.0,0.0666666666666666
0.9333333333333332,0.0333333333333333,0.0333333333333333,0.9333333333333332,0.0333333333333333,0.0333333333333333
0.9333333333333332,0.0666666666666666,0.0,0.9333333333333332,0.0666666666666666,0.0
0.9666666666666668,0.0,0.0333333333333333,0.9666666666666668,0.0,0.0333333333333333
0.9666666666666668,0.0333333333333333,0.0,0.9666666666666668,0.0333333333333333,0.0
1.0,0.0,0.0,1.0,0.0,0.0
