Length, Risk, TravelTime, Paths.x, Paths.y, Cost, Weight
0.976643,38.3851,0.792557,"1;2.01452;2.98744;4.37354;5.40292;6.17976;7.4786;8.56842;8.94777;10.0713;10.8218;11.5315;12.6722;13.3659;14.6332;15.952;16.3386;17.674;18.6985;19.476;20.2602;20.8301;21","15;14.1883;13.5207;12.7815;12.339;12.0754;11.7075;11.4776;11.4322;11.3438;11.3166;11.3184;11.4086;11.4973;11.7179;12.0861;12.2108;12.7786;13.3347;13.8246;14.3652;14.8422;15",0.792557,"0;0;1"
1.55964,5.8301,1.02443,"1;1.22817;1.67507;2.01243;2.24566;2.40707;2.80706;3.16747;3.47832;3.78425;4.14295;4.812;5.06519;5.3896;5.71082;6.11444;6.38645;6.8448;7.22504;7.79622;7.9393;8.52604;8.77462;9.66064;10.0688;11.4069;11.9695;12.7427;12.9336;13.869;15.0676;15.4698;16.2078;17.0372;17.9128;18.295;19.2187;19.5991;19.8285;20.304;20.5588;20.8421;21.2308;21.5037;21.5516;21.6071;21.6211;21.6099;21.5054;21.4068;21.1693;21","15;14.695;13.5837;12.2223;11.2026;10.5275;9.21479;8.28743;7.64006;7.12418;6.58602;5.88483;5.66687;5.41722;5.1716;4.9151;4.74926;4.53291;4.387;4.19372;4.14764;3.99899;3.93928;3.798;3.73528;3.6666;3.68523;3.74407;3.7642;3.91979;4.20363;4.34598;4.64095;5.04029;5.57693;5.86923;6.6762;7.11284;7.39974;8.04694;8.44505;9.0154;9.97588;10.9716;11.3106;11.8435;12.5731;12.7783;13.6961;14.0886;14.7024;15",1.50499,"0;0.1;0.9"
1.62812,5.57123,1.06476,"1;1.24471;1.47015;1.64194;1.85917;2.18633;2.40908;2.59499;2.9724;3.33635;3.5253;3.79992;4.17388;4.452;4.92047;5.47303;5.59683;6.23864;6.78831;7.15595;8.26573;9.48752;10.2391;10.5798;11.2877;11.7418;12.4757;12.8603;13.4064;13.7784;13.9885;14.454;15.2979;16.501;16.8128;17.7518;18.0726;18.6739;19.3607;19.9459;20.1749;20.7144;21.0807;21.4666;21.8446;22.0498;22.1229;22.2235;22.2819;22.294;22.2948;22.2036;22.163;21.97;21.9487;21.6456;21.2282;21","15;14.6982;14.2651;13.8568;12.9889;11.4153;10.39;9.66907;8.46792;7.59182;7.1957;6.70519;6.0954;5.74992;5.30436;4.86317;4.77841;4.43289;4.18587;4.05095;3.73746;3.55263;3.48767;3.46782;3.462;3.4657;3.50495;3.54824;3.61662;3.67394;3.71128;3.80435;4.00313;4.35431;4.47095;4.89957;5.08158;5.45599;5.99152;6.46279;6.69135;7.2783;7.7563;8.36759;9.19457;9.73343;9.96655;10.4443;10.8064;11.7227;11.8821;12.6466;12.8581;13.4458;13.5108;14.109;14.7408;15",1.96605,"0;0.2;0.8"
1.66635,5.4999,1.0891,"1;1.32626;1.61551;1.70878;1.97982;2.13792;2.42416;2.5935;2.76077;3.28693;3.54906;3.99116;4.38689;5.0184;5.41319;5.70724;6.55724;6.82798;7.42916;7.95421;8.84524;10.6011;11.4919;12.285;12.9239;14.1607;14.6794;15.79;17.2123;18.2545;18.7292;19.009;19.4394;20.1678;20.8947;21.4097;22.1253;22.4658;22.673;22.7239;22.7397;22.7102;22.5486;22.3507;22.1928;21.8043;21.5664;21.4247;21.1834;21","15;14.6147;13.8766;13.57;12.4466;11.6966;10.1767;9.52699;8.97898;7.49458;6.90511;6.1674;5.6283;5.0062;4.73192;4.56265;4.16603;4.05173;3.8416;3.71437;3.56449;3.42159;3.40669;3.44083;3.4848;3.62875;3.73689;3.99185;4.46687;4.97608;5.22084;5.37886;5.65993;6.19788;6.84252;7.47189;8.66777;9.45872;10.1785;10.7389;11.7048;11.9538;12.6547;13.2592;13.5686;14.1984;14.4712;14.6273;14.8478;15",2.41234,"0;0.3;0.7"
1.69117,5.46564,1.10642,"1;1.23973;1.44972;1.6048;1.88237;1.98971;2.34124;2.42131;2.68613;2.89467;3.11641;3.46041;3.81579;4.46353;4.6612;4.88767;5.25036;5.8117;6.03998;6.45226;7.34845;8.67003;9.56952;10.0454;10.7309;11.2607;11.844;12.0723;13.3325;14.0009;14.7537;15.0284;15.5024;16.1733;16.7174;17.1596;17.9916;18.3345;18.6306;19.0441;19.6405;20.2392;20.9246;21.1003;21.5848;21.8907;22.2908;22.6315;22.8838;22.9968;23.0113;23.071;23.0918;23.1014;23.0675;22.9894;22.9426;22.8208;22.6396;22.47;22.1347;21.8599;21","15;14.7727;14.42;14.0685;12.9856;12.4315;10.6807;10.3152;9.21231;8.48249;7.82639;6.97433;6.26985;5.38607;5.20064;4.99597;4.73199;4.40131;4.29454;4.12955;3.84487;3.56917;3.48665;3.45591;3.42294;3.41477;3.43565;3.44895;3.55246;3.6518;3.76995;3.82158;3.92453;4.0905;4.25841;4.41127;4.73815;4.90258;5.05118;5.27915;5.65372;6.07555;6.68277;6.8488;7.37711;7.78586;8.38072;9.00357;9.68044;10.1298;10.2027;10.5352;10.9196;11.1502;11.6704;12.2012;12.39;12.761;13.1924;13.5032;13.9734;14.2677;15",2.85011,"0;0.4;0.6"
1.71577,5.44463,1.12353,"1;1.33658;1.3836;1.57009;1.71727;1.92269;2.19259;2.40564;2.62017;2.66852;2.80003;2.9285;3.22334;3.55459;3.67771;3.88749;4.20277;4.35485;4.60398;5.14034;6.08584;6.91099;7.38441;7.74142;8.33362;8.72998;9.56175;10.3424;10.5419;11.145;12.3759;13.595;14.79;16.0903;16.9861;17.5932;18.3141;18.8003;19.2766;20.1395;20.7165;21.4093;21.8629;22.1108;22.4252;22.9499;23.1617;23.2402;23.349;23.4595;23.4564;23.3823;23.2624;23.0736;22.8129;22.6992;22.1929;21.8437;21","15;14.5943;14.4954;14.1015;13.6691;12.7917;11.4905;10.3903;9.44616;9.26355;8.78531;8.33499;7.50955;6.81202;6.55576;6.19532;5.73583;5.52523;5.2097;4.75347;4.21168;3.91263;3.7836;3.71053;3.6058;3.544;3.46066;3.4055;3.40151;3.40029;3.42159;3.51935;3.71354;4.03235;4.31352;4.53501;4.82783;5.04234;5.29618;5.84409;6.2767;6.88031;7.33808;7.64447;8.09455;8.9382;9.45091;9.66726;10.0696;11.0885;11.4743;11.9662;12.4145;12.9086;13.3451;13.5026;14.0988;14.4018;15",3.28408,"0;0.5;0.5"
1.74112,5.42887,1.14208,"1;1.21767;1.36728;1.52497;1.6449;1.95086;2.25916;2.64454;2.90395;3.16677;3.58724;3.85302;4.24746;4.35154;4.50046;4.91205;5.29357;5.50243;6.0837;6.61587;7.31729;7.94398;8.7526;9.88389;10.5241;11.8019;12.6193;13.3623;13.822;14.2639;14.8798;15.2086;16.2539;17.5215;18.0308;18.6962;19.903;20.7323;21.4272;21.6336;22.1794;22.9351;23.2191;23.5025;23.6903;23.7699;23.7974;23.7752;23.7049;23.499;23.1997;22.5619;22.3483;21.0768;21","15;14.7706;14.5461;14.2347;13.9091;12.6104;10.9971;9.2931;8.39437;7.58715;6.53942;6.08554;5.51676;5.38383;5.21855;4.87952;4.62073;4.49049;4.22026;4.02965;3.80005;3.65882;3.53463;3.41731;3.39208;3.38447;3.4301;3.49638;3.55254;3.61821;3.73341;3.81061;4.08255;4.48069;4.68716;4.96676;5.5759;6.11983;6.67651;6.85386;7.41043;8.38923;8.84598;9.52095;10.2154;10.6776;10.9766;11.5476;11.9405;12.7627;13.239;13.9519;14.1484;14.9595;15",3.71416,"0;0.6;0.4"
1.75564,5.42366,1.15243,"1;1.10849;1.35245;1.60936;1.75297;1.83563;2.03735;2.21031;2.58074;2.93211;3.07291;3.15599;3.36629;3.62759;4.22306;4.59037;5.06296;5.43917;5.77919;6.33144;7.12419;8.38757;9.18292;9.57052;10.3384;11.3421;12.4818;13.1683;14.2424;15.1476;15.8851;16.5294;17.1172;17.7456;18.4933;19.4474;19.7557;20.2231;20.8518;21.4047;21.6652;21.9637;22.3657;22.5669;23.0968;23.4581;23.6475;23.7993;23.8963;23.9146;23.9955;23.9984;23.9894;23.8823;23.7391;23.329;23.2535;23.2024;22.8773;22.4831;22.0569;21.6775;21","15;14.8999;14.6082;14.0326;13.5611;13.2147;12.1921;11.1665;9.45852;8.22462;7.83997;7.62532;7.08547;6.48239;5.55464;5.1371;4.71787;4.4451;4.27772;4.03742;3.81647;3.55483;3.46655;3.43213;3.38267;3.36007;3.42607;3.47529;3.62127;3.79494;3.96964;4.12927;4.29892;4.50303;4.81171;5.29018;5.46285;5.73526;6.15888;6.59407;6.80839;7.07393;7.47616;7.70198;8.40371;9.0123;9.39183;9.76707;10.1046;10.171;10.7424;10.8947;11.3562;12.1472;12.5349;13.2184;13.3268;13.3946;13.7345;14.1022;14.3936;14.6209;15",4.14229,"0;0.7;0.3"
1.77558,5.41825,1.16851,"1;1.1358;1.21514;1.39232;1.70671;1.85252;2.1524;2.3705;2.63015;2.65198;2.75031;2.89952;3.12441;3.41415;3.51517;3.73791;3.92956;4.2315;4.67358;5.09575;5.88969;6.06713;6.6424;7.28099;7.85074;8.55873;8.75676;9.78813;11.3035;12.1036;13.3542;14.6392;15.5351;16.5401;16.7018;17.7192;18.3968;18.5278;18.9101;19.5153;20.3373;20.9157;21.3196;21.8767;22.2816;22.53;22.7417;22.7501;22.9836;23.3727;23.5691;23.6377;24.0319;24.127;24.2332;24.2992;24.2957;24.2413;24.0884;23.8795;23.754;23.4179;23.0717;22.6828;22.1083;21","15;14.8443;14.744;14.4583;13.7453;13.1948;11.529;10.4762;9.34548;9.25642;8.86765;8.30668;7.63498;6.91227;6.67341;6.22658;5.89951;5.49558;5.06568;4.68076;4.25455;4.17412;3.94468;3.7817;3.67104;3.54677;3.52167;3.42822;3.38945;3.40419;3.50945;3.66807;3.85759;4.1257;4.17041;4.5094;4.7626;4.81766;4.98982;5.29032;5.76611;6.1577;6.45774;6.90654;7.29225;7.53532;7.7695;7.77935;8.04579;8.54089;8.85513;8.96905;9.74147;10.0251;10.4853;10.9512;11.7151;11.9775;12.4737;12.8955;13.1298;13.516;13.8186;14.1288;14.4684;15",4.5683,"0;0.8;0.2"
1.79622,5.41535,1.18419,"1;1.04241;1.29562;1.40233;1.60067;1.80646;2.14457;2.33343;2.4564;2.6325;2.92747;3.44355;3.64895;3.93788;4.06531;4.2889;4.77107;4.87818;5.22598;6.09987;6.78387;7.3082;7.78376;8.14358;9.26114;9.97017;11.0385;11.2558;12.4371;12.8224;13.8451;15.1241;16.6985;17.6565;18.9443;19.9894;20.8459;21.99;22.3008;22.3772;22.734;23.4761;23.9177;24.1752;24.5322;24.6314;24.5404;24.3601;24.0095;23.8345;23.4256;23.2753;22.8938;22.405;21.9072;21","15;14.9689;14.7059;14.4921;14.0449;13.3862;11.741;10.7325;10.0906;9.30762;8.24395;6.75086;6.32069;5.80852;5.61975;5.34211;4.85795;4.77378;4.5041;4.11572;3.91105;3.78856;3.67393;3.6062;3.48463;3.42762;3.39234;3.38811;3.43527;3.45541;3.56268;3.77425;4.16649;4.49296;5.02239;5.54317;6.05337;6.89257;7.1705;7.2428;7.59659;8.42161;9.02303;9.57109;10.5174;11.0549;11.8827;12.4353;13.017;13.2885;13.6992;13.8271;14.087;14.3528;14.6044;15",4.99224,"0;0.9;0.1"
1.83407,5.41466,1.21453,"1;1.30175;1.45429;1.62565;1.74218;2.02097;2.32984;2.47993;2.82486;3.07936;3.46902;3.70611;4.17345;4.51472;5.42827;6.22616;7.31963;8.35763;8.79361;9.45605;10.8455;11.9191;12.9067;13.4347;15.036;16.3673;16.6518;17.704;18.0682;19.2989;20.2923;21.1731;21.5499;21.8506;22.6923;23.315;23.6467;23.8167;24.1138;24.4148;24.6742;24.8622;25.1244;25.1532;25.1358;25.0738;24.8626;24.6848;24.4392;24.0781;23.1699;22.4068;21","15;14.6685;14.397;14.0536;13.7395;12.3822;10.7916;9.98953;8.69523;7.78263;6.77484;6.2705;5.4888;5.07892;4.35236;4.00922;3.73656;3.56046;3.50097;3.44737;3.39106;3.41379;3.4619;3.50744;3.69862;4.03673;4.11768;4.46803;4.61004;5.16139;5.70534;6.24546;6.50019;6.7184;7.37285;7.98129;8.3365;8.53436;8.92079;9.34065;9.77664;10.1085;11.0577;11.2623;11.9345;12.1895;12.6335;12.9266;13.2387;13.576;14.1186;14.4833;15",5.41466,"0;1;0"
0.963567,40.9818,0.793162,"1;1.5073;2.90487;3.68573;5.13274;6.08022;6.97101;7.82046;8.47232;9.5454;10.3695;10.8024;12.0494;12.7364;13.6275;14.9699;15.7973;16.4265;17.3132;17.7907;18.4889;19.1682;19.6224;20.093;21","15;14.6301;13.7215;13.3128;12.6745;12.3598;12.1246;11.9426;11.8395;11.7114;11.6361;11.6247;11.6251;11.6893;11.8222;12.1024;12.3373;12.5361;12.8521;13.0593;13.3926;13.7365;14.0057;14.3136;15",0.810203,"0.1;0;0.9"
1.55769,5.83354,1.02381,"1;1.20949;1.42135;1.66526;1.97118;2.33993;2.37189;2.5318;3.04958;3.14038;3.63307;3.94697;4.34485;4.83288;5.53912;5.5475;6.30724;7.25255;7.56515;8.02598;8.95121;9.20423;10.1295;10.6589;11.3639;12.5329;13.5331;13.8294;14.2922;14.7084;15.4269;15.7319;16.7703;17.6826;18.1851;18.943;19.2394;19.5002;20.0491;20.333;20.5258;20.8471;21.2354;21.2957;21.4327;21.551;21.6302;21.6455;21.6171;21.4827;21.3069;21.1435;21","15;14.7543;14.405;13.7305;12.5343;10.907;10.7785;10.154;8.63378;8.43422;7.4894;6.98244;6.4411;5.9127;5.31493;5.308;4.82466;4.36514;4.24612;4.08056;3.85951;3.8228;3.71636;3.68384;3.67971;3.72744;3.86032;3.91327;4.02563;4.1375;4.37486;4.49756;4.97094;5.47217;5.8222;6.45548;6.76169;7.04706;7.73588;8.16233;8.47857;9.06648;9.98102;10.1551;10.5891;11.1684;11.9228;12.6834;13.0544;13.7058;14.3031;14.6955;15",1.55817,"0.1;0.1;0.8"
1.62178,5.58904,1.06077,"1;1.13917;1.45913;1.66345;1.8283;1.98825;2.10793;2.41455;2.50864;2.73173;2.83164;2.88876;3.11488;3.42413;3.6941;3.9537;4.14678;4.74068;4.95144;5.56313;6.00942;6.31164;6.63976;7.37904;7.84688;7.96343;8.34535;8.88346;9.43694;9.83176;10.5275;12.0336;13.1236;13.2335;14.0447;14.5075;15.3263;16.0509;16.7895;17.0986;17.8631;18.1116;18.8834;19.234;19.8362;20.1037;20.4051;20.5682;21.0091;21.5142;21.7895;21.8956;21.9683;22.1717;22.2369;22.2549;22.2254;22.1103;22.0613;21.935;21.7352;21.4854;21","15;14.8224;14.2576;13.7396;13.105;12.3806;11.7844;10.4902;10.0322;9.20666;8.88333;8.71026;8.08962;7.37734;6.90729;6.48166;6.20604;5.46433;5.25779;4.79559;4.53066;4.38419;4.25025;3.97514;3.84639;3.81929;3.73109;3.63934;3.5613;3.52246;3.48243;3.49819;3.6064;3.61752;3.74975;3.83879;4.02987;4.25907;4.54353;4.67067;5.03823;5.16796;5.68102;5.92433;6.45401;6.70726;7.03654;7.23741;7.83075;8.67888;9.27409;9.55905;9.80028;10.7947;11.3472;11.93;12.3612;12.9455;13.1188;13.4494;13.8777;14.3006;15",2.02252,"0.1;0.2;0.7"
1.6597,5.50844,1.08611,"1;1.23881;1.31054;1.5349;1.68687;1.91149;2.18237;2.42857;2.82838;2.94763;3.42218;3.75271;3.97621;4.23453;4.63637;5.0798;5.27797;6.01806;6.75161;7.53536;8.45774;9.84902;10.8372;11.4171;12.6042;13.6996;13.7953;14.512;15.7344;16.8838;17.9127;18.2397;18.4435;19.1279;19.3016;19.862;20.3689;20.5174;21.1909;21.7638;21.9339;22.3505;22.4965;22.643;22.7118;22.581;22.4037;22.0078;21.5384;21","15;14.7439;14.6392;14.2408;13.8758;13.0136;11.679;10.1279;8.70918;8.3576;7.18296;6.58334;6.20344;5.84318;5.30706;4.92236;4.78964;4.36926;4.05512;3.82717;3.648;3.45796;3.41174;3.41418;3.47633;3.61505;3.62974;3.76776;4.03405;4.40936;4.88307;5.05846;5.17217;5.59247;5.70678;6.14977;6.61548;6.76028;7.53834;8.33574;8.60656;9.55415;10.0179;10.6647;11.5186;12.608;13.1458;13.9229;14.526;15",2.47017,"0.1;0.3;0.6"
1.68523,5.47075,1.10291,"1;1.13795;1.2645;1.51255;1.67585;1.9807;2.0668;2.40241;2.5856;2.85045;3.19039;3.35624;3.5156;3.73522;4.05543;4.29642;4.41966;4.78755;5.3097;5.56547;5.99199;6.45683;7.25018;7.70834;8.66207;9.16803;9.96392;10.9474;11.7475;12.3997;13.2501;13.7835;14.832;15.7646;16.4902;17.1717;17.8051;18.4324;18.6845;19.6782;20.1957;20.941;21.4562;21.6976;22.36;22.7395;22.831;22.9848;23.0582;23.0567;23.0415;23.0214;22.7463;22.5598;22.3628;22.0475;21.5972;21","15;14.8536;14.6556;14.2266;13.789;12.4223;12.0262;10.3654;9.57981;8.6239;7.63064;7.25235;6.91696;6.52352;6.01118;5.68359;5.54021;5.14505;4.73798;4.59308;4.36583;4.15055;3.89638;3.79274;3.60274;3.53401;3.47228;3.42739;3.41277;3.44558;3.5221;3.59607;3.78756;3.99872;4.21337;4.44555;4.70397;4.98647;5.11432;5.73711;6.08178;6.75256;7.30564;7.60584;8.62768;9.49434;9.82924;10.4366;11.1916;11.467;11.6929;11.9719;12.9388;13.3344;13.6386;14.0919;14.5517;15",2.90828,"0.1;0.4;0.5"
1.71125,5.45404,1.1209,"1;1.00872;1.57016;1.76012;2.02352;2.34111;2.36598;2.77171;2.90365;3.31819;3.46863;3.56852;3.96175;4.74275;5.0392;5.44257;5.71878;6.12443;7.05914;7.7605;8.04126;8.97036;10.2424;10.9366;11.8575;12.6797;13.9996;14.6184;15.9182;16.435;17.3195;18.3396;19.2158;20.2515;20.977;21.3988;21.7401;21.9934;22.1655;22.6448;22.8964;23.2601;23.3198;23.3669;23.3843;23.3672;23.1696;23.0432;23.001;22.7137;22.0489;21.5735;21","15;14.9928;14.1749;13.5845;12.2763;10.6063;10.4831;8.81574;8.34721;7.20994;6.86759;6.66986;5.9255;4.98407;4.76293;4.53524;4.38259;4.21573;3.88907;3.73163;3.67981;3.55;3.42375;3.40394;3.42524;3.47404;3.62413;3.73234;4.01438;4.16296;4.4416;4.87021;5.32768;6.02891;6.56266;6.96925;7.34938;7.67149;7.89565;8.61747;9.1595;10.286;10.5364;11.0236;11.6479;11.8192;12.6401;12.9258;13.0105;13.535;14.2134;14.6113;15",3.34651,"0.1;0.5;0.4"
1.72905,5.4349,1.13315,"1;1.1024;1.27563;1.40913;1.62695;1.8094;2.12346;2.38422;2.67095;2.9403;3.12485;3.47688;3.77395;4.02941;4.17491;4.56898;4.87037;5.19119;5.73024;6.15129;6.90735;7.43249;7.92641;8.49697;9.68964;9.81022;10.4463;10.7745;11.8285;13.0922;14.0681;15.1618;15.7544;16.0427;17.0328;17.5763;18.5058;18.9923;19.798;19.9353;20.7915;21.0536;21.3426;21.7264;21.9152;22.4686;22.6725;23.0744;23.2116;23.3429;23.4821;23.6215;23.5657;23.502;23.3661;23.0108;22.7589;22.6323;22.4943;22.1317;21.7522;21","15;14.9024;14.6641;14.4641;13.9129;13.2002;11.7157;10.4941;9.17523;8.27046;7.65206;6.82715;6.26655;5.83034;5.61925;5.14854;4.85706;4.61916;4.32604;4.14638;3.90869;3.76219;3.65869;3.57071;3.41952;3.41015;3.38089;3.37522;3.40381;3.4826;3.59527;3.80451;3.95964;4.0363;4.33009;4.51907;4.89697;5.15323;5.59405;5.67738;6.2882;6.48908;6.73102;7.09209;7.2813;7.92087;8.21321;8.97597;9.28373;9.63147;10.074;11.0148;11.8157;12.1988;12.6308;13.2694;13.6129;13.7694;13.9271;14.2484;14.5567;15",3.77379,"0.1;0.6;0.3"
1.75876,5.42386,1.15566,"1;1.33721;1.51667;1.70893;2.02319;2.08727;2.42243;2.72054;3.10343;3.15319;3.54604;3.87825;4.0164;4.26255;4.30865;4.66254;4.91461;5.52718;6.46201;7.08673;8.60162;9.18802;10.2926;11.6246;12.5975;13.6469;14.3527;14.4525;15.7322;16.9568;17.6979;18.6836;19.4799;20.3662;21.2911;21.7602;22.5205;23.3281;23.6446;23.8513;24.0195;24.079;23.9835;23.9281;23.8626;23.4414;23.1739;22.9477;22.6523;22.3562;21.6991;21","15;14.6509;14.2529;13.6743;12.26;11.8986;10.2354;9.03937;7.80556;7.66467;6.72317;6.05753;5.82546;5.47438;5.41922;5.01757;4.80341;4.41126;4.03807;3.82897;3.53236;3.46235;3.3875;3.38212;3.45224;3.56081;3.6517;3.66546;3.93455;4.26644;4.50275;4.90847;5.32049;5.84428;6.5043;6.92914;7.65132;8.73361;9.34126;9.89355;10.5926;11.2782;12.0718;12.2418;12.4334;13.2156;13.5218;13.7619;14.0203;14.2153;14.6397;15",4.20371,"0.1;0.7;0.2"
1.77477,5.41751,1.16794,"1;1.05105;1.14311;1.38234;1.5618;1.72845;2.08845;2.3078;2.61132;2.8505;3.02371;3.17593;3.44032;3.69138;4.20949;4.42652;4.80517;5.19184;5.65469;5.98654;7.2945;7.53397;8.92004;9.32286;9.6606;10.5516;11.3182;11.719;12.0393;12.9133;14.0371;14.4713;14.9427;15.7666;16.9489;17.3694;18.2108;18.6826;19.4179;20.1608;21.0712;21.783;22.3321;22.5588;22.7443;23.2565;23.6145;23.8402;24.0917;24.1116;24.2419;24.3281;24.3218;24.2477;24.0957;23.8506;23.4789;23.2913;23.1092;22.9442;22.6577;21.89;21.6618;21","15;14.9437;14.8402;14.4871;14.0883;13.564;11.9417;10.7896;9.43007;8.50193;7.9631;7.51176;6.86082;6.33651;5.54628;5.2818;4.90923;4.58956;4.33226;4.1685;3.76993;3.71113;3.50065;3.45605;3.42693;3.3887;3.38981;3.39584;3.40578;3.46016;3.61335;3.68473;3.76557;3.94932;4.25372;4.38573;4.71351;4.9111;5.2822;5.69474;6.27828;6.81856;7.34736;7.5835;7.7814;8.42797;8.93466;9.33408;9.95516;10.0136;10.5047;11.2612;11.6402;11.985;12.4426;12.9186;13.4488;13.6405;13.7933;13.9181;14.1143;14.5857;14.6985;15",4.62828,"0.1;0.8;0.1"
1.7964,5.41599,1.1849,"1;1.16513;1.43175;1.45674;1.68779;1.83703;2.07042;2.30439;2.55836;2.96513;3.09953;3.33328;3.96585;4.17773;4.31085;4.89243;5.36665;6.25227;7.21196;8.23468;9.82442;10.7859;11.8432;13.1336;14.1756;15.2341;15.7521;16.7939;18.3672;19.5085;19.9536;20.5618;21.3377;22.0833;23.0691;23.3662;23.4697;23.854;24.0642;24.2027;24.4012;24.6214;24.6211;24.5731;24.5373;24.2343;24.1655;24.1125;23.7813;23.6196;23.5148;23.2129;22.6691;21.9691;21","15;14.807;14.3513;14.303;13.6768;13.0719;11.9296;10.6863;9.46855;8.04112;7.65146;7.10986;5.83099;5.53327;5.3757;4.77757;4.47813;4.05123;3.79404;3.59522;3.4067;3.36454;3.37347;3.46913;3.59874;3.79266;3.90459;4.18777;4.74572;5.28709;5.53693;5.9012;6.4071;7.01064;7.96039;8.34541;8.47965;9.00296;9.34982;9.64714;10.1153;11.0246;11.7508;11.986;12.0852;12.7737;12.9049;12.9956;13.4243;13.5978;13.6963;13.9252;14.2734;14.6117;15",5.05403,"0.1;0.9;0"
0.946247,44.969,0.796312,"1;2.40786;3.58981;4.85069;5.3394;5.94242;6.69585;7.69299;8.74775;9.0221;10.4668;12.0292;13.4153;14.5347;16.2382;17.0499;17.4765;18.0439;18.5978;19.8064;20.5256;21","15;14.1807;13.5854;13.0856;12.9355;12.7694;12.586;12.4015;12.2438;12.213;12.1095;12.13;12.256;12.424;12.8364;13.0865;13.2385;13.452;13.6812;14.2915;14.7072;15",0.826299,"0.2;0;0.8"
1.5477,5.89309,1.01804,"1;1.20675;1.53632;1.70518;1.78582;1.82315;2.25862;2.58975;2.70097;2.99867;3.42198;3.76385;4.37832;4.49384;4.92755;5.10977;5.90407;6.40501;6.86481;7.45723;7.77464;8.28714;8.97216;9.70821;10.6385;11.5948;11.9268;13.1638;13.8368;14.0225;14.8856;15.8724;16.1223;16.7881;17.225;17.4122;17.8233;18.219;18.8612;19.6989;20.1751;20.5598;20.8546;21.1081;21.255;21.3222;21.4739;21.5403;21.5601;21.5165;21.3901;21.1526;21","15;14.749;14.0158;13.5069;13.197;13.0679;11.2077;9.92972;9.59446;8.77491;7.85454;7.24868;6.39143;6.25391;5.83218;5.68574;5.11585;4.81037;4.59928;4.34605;4.24408;4.10494;3.95783;3.85402;3.74568;3.72009;3.73617;3.87147;4.021;4.06703;4.30919;4.67181;4.77342;5.09144;5.35547;5.46841;5.72998;6.00087;6.5103;7.39565;8.02721;8.6921;9.31359;9.95713;10.3763;10.5953;11.4456;11.9994;12.2175;13.1479;13.9164;14.6282;15",1.61147,"0.2;0.1;0.7"
1.6166,5.60492,1.05804,"1;1.26504;1.7127;1.80453;2.15248;2.47182;2.62427;2.75509;3.14084;3.48991;3.80256;4.1242;4.49832;4.91544;4.93029;5.67056;6.27508;6.53095;6.95738;7.99641;8.82433;9.62981;10.0799;10.7339;11.653;12.0534;13.2102;13.9502;14.9967;15.6842;16.256;16.6979;16.866;17.6101;17.8401;18.4766;18.8929;19.1899;19.6642;20.4723;20.712;21.2435;21.6318;21.9281;22.0389;22.1505;22.1587;22.1801;22.1585;21.9375;21.7479;21.5464;21.4492;21","15;14.7276;13.6321;13.2461;11.5877;10.1831;9.61806;9.17171;8.03161;7.30893;6.7467;6.22985;5.75972;5.28469;5.27401;4.75001;4.40871;4.29367;4.13197;3.82954;3.64122;3.54063;3.51814;3.48622;3.49372;3.51181;3.61771;3.72707;3.95027;4.14888;4.35358;4.5404;4.6191;4.96773;5.07522;5.44669;5.74563;5.97888;6.40482;7.27193;7.59022;8.40217;9.16992;10.0437;10.4688;11.2501;11.3033;11.9297;12.4239;13.3569;13.8352;14.2321;14.411;15",2.07913,"0.2;0.2;0.6"
1.65359,5.51506,1.08181,"1;1.19632;1.31689;1.38273;1.45401;1.66631;1.99701;2.12201;2.24404;2.49018;2.61449;2.76507;2.9605;3.11158;3.18972;3.39907;3.59777;3.99055;4.16924;4.80385;5.20266;5.74081;6.28954;6.75547;7.34112;7.59415;8.39915;9.32588;10.4173;11.2336;12.3176;12.9306;14.1913;15.324;15.7629;16.088;16.6093;16.952;17.4524;18.2831;18.8843;19.3731;19.9835;20.3542;20.3907;20.7876;21.0469;21.3931;21.5782;21.934;22.0612;22.2326;22.345;22.5188;22.5487;22.5957;22.6124;22.6267;22.5314;22.3455;22.2769;22.1176;21.9069;21.5252;21.3844;21","15;14.8101;14.6422;14.5146;14.3698;13.8313;12.3649;11.7518;11.1126;9.96555;9.46927;8.94325;8.33538;7.92969;7.74488;7.28704;6.87716;6.20586;5.97247;5.25637;4.95234;4.59381;4.30583;4.1095;3.91918;3.85766;3.66522;3.53043;3.43371;3.4272;3.48133;3.54103;3.71753;3.9436;4.05572;4.15605;4.33216;4.45654;4.67779;5.06823;5.43537;5.76001;6.22527;6.57094;6.60799;7.02526;7.31626;7.79762;8.08197;8.68431;8.9662;9.3769;9.69986;10.3539;10.4875;10.7959;11.0965;11.6992;12.5455;13.1518;13.3195;13.6627;14.0019;14.4698;14.6215;15",2.52614,"0.2;0.3;0.5"
1.68383,5.47407,1.10138,"1;1.23163;1.37057;1.56506;1.97678;2.21731;2.54133;2.64599;2.79604;2.95479;3.19416;3.45718;3.57626;3.96288;4.40364;4.71484;5.35592;6.37613;7.37238;8.21275;9.60346;9.95195;11.3583;12.1749;12.7122;13.269;14.7907;16.0516;17.1096;17.3059;18.2424;18.6994;19.5334;20.0585;20.7491;21.0133;21.883;22.1039;22.32;22.3739;22.6203;22.8811;23.0037;22.9977;22.9761;22.8472;22.5891;22.2984;22.0657;21.7814;21.1922;21","15;14.7602;14.5522;14.1557;12.4586;11.2428;9.68048;9.27871;8.75028;8.24566;7.61138;7.01495;6.78381;6.10946;5.54388;5.21742;4.68765;4.16788;3.83631;3.63578;3.4592;3.43145;3.40473;3.4309;3.45872;3.50527;3.73289;4.04729;4.39033;4.47223;4.89538;5.13495;5.64853;6.02751;6.61424;6.906;7.87526;8.2229;8.60939;8.72262;9.30901;10.0687;10.9882;11.561;11.8791;12.5464;13.2017;13.6559;13.985;14.3142;14.8503;15",2.96695,"0.2;0.4;0.4"
1.70021,5.46104,1.11387,"1;1.42796;1.81274;2.04831;2.33991;2.58358;2.91224;3.26751;3.50926;3.58701;3.80063;4.27446;4.63717;4.93419;5.01618;5.29682;5.80535;6.55574;6.73885;7.31031;8.00701;8.72867;9.42948;10.5049;11.7553;12.1168;12.4919;12.9483;14.1153;15.3307;16.0061;16.8338;18.0196;18.8386;19.0145;19.6289;20.017;20.6833;20.9529;21.3718;21.4857;22.0745;22.4569;22.9505;23.0992;23.1859;23.252;23.2493;23.2445;23.1923;23.1295;23.0103;22.7885;22.5148;21.9949;21.4904;21.2373;21","15;14.3646;13.3399;12.2551;10.6174;9.55614;8.39833;7.35753;6.82908;6.66951;6.29944;5.68553;5.31453;5.03092;4.96933;4.76478;4.43502;4.06968;4.00733;3.85079;3.67716;3.55694;3.49295;3.41979;3.43707;3.45437;3.48503;3.53022;3.67557;3.92272;4.08101;4.32469;4.77057;5.16866;5.26334;5.6267;5.88853;6.37347;6.61324;7.01258;7.12656;7.85092;8.41073;9.51381;10.026;10.4663;11.1314;11.3406;11.4081;12.0283;12.3919;12.7966;13.3231;13.7209;14.2896;14.692;14.8558;15",3.40473,"0.2;0.5;0.3"
1.72558,5.43683,1.1317,"1;1.31692;1.51846;1.63816;1.8473;1.93539;2.25555;2.55222;2.77585;2.93119;3.13744;3.41446;3.61878;3.86876;4.25663;4.36865;4.6414;5.09832;5.82429;6.41612;6.66081;7.08595;7.40886;7.67166;8.37223;9.07616;9.36933;9.68275;10.4969;11.1005;11.9005;13.4127;14.6904;15.6701;16.1826;16.7873;17.4013;18.3226;18.894;19.7025;20.6012;21.1468;21.3474;21.5284;21.7988;21.843;22.3019;22.4595;22.644;22.9289;23.2348;23.4086;23.4703;23.5564;23.5954;23.5374;23.2857;23.2189;23.0009;22.9254;22.8253;22.5201;21.8141;21.6355;21","15;14.6463;14.2574;13.9229;13.016;12.6175;11.0499;9.68719;8.81462;8.26825;7.63081;6.95646;6.54476;6.10785;5.58389;5.45248;5.14354;4.76032;4.3421;4.07087;3.98556;3.85416;3.77009;3.71186;3.59202;3.49809;3.46981;3.44017;3.40417;3.40191;3.41841;3.51573;3.71813;3.93618;4.06722;4.25954;4.47507;4.85794;5.14034;5.59593;6.18385;6.60849;6.78214;6.95382;7.21834;7.26367;7.80571;8.01883;8.29804;8.79832;9.43586;9.91284;10.1778;10.7195;11.5255;12.0113;12.7935;12.9345;13.331;13.4534;13.5949;13.9325;14.5206;14.6307;15",3.83356,"0.2;0.6;0.2"
1.74093,5.42925,1.14329,"1;1.25446;1.36712;1.57408;1.74438;2.05096;2.26968;2.33666;2.52313;2.60151;2.71872;2.98405;3.33188;3.58157;3.89006;4.3234;4.64106;4.90386;5.47574;5.82128;6.74711;7.28002;7.57633;8.67645;9.68434;9.92059;10.2784;11.3591;12.0485;12.5021;13.6422;14.3236;14.9975;15.5148;15.8243;16.7267;16.8952;17.8969;18.5703;19.1105;19.705;20.1943;20.7096;21.3889;21.8638;22.4423;22.9893;23.3368;23.5681;23.6936;23.7762;23.8507;23.8463;23.8418;23.7725;23.6057;23.4067;23.1365;22.7623;22.4062;22.0386;21.6856;21.3934;21","15;14.7028;14.518;14.1104;13.6914;12.2239;11.0162;10.6771;9.85516;9.52344;9.06931;8.17421;7.24258;6.66029;6.0813;5.5314;5.16304;4.90913;4.52322;4.34221;3.97119;3.81262;3.74471;3.54706;3.43421;3.41402;3.39179;3.37866;3.40444;3.43023;3.55219;3.64191;3.76841;3.88779;3.9635;4.22743;4.28363;4.65029;4.93923;5.19612;5.50821;5.80805;6.18038;6.69261;7.1417;7.80754;8.59676;9.2166;9.83137;10.1746;10.5324;10.991;11.6735;11.7955;12.1783;12.6538;13.0203;13.4043;13.7974;14.1185;14.4004;14.6188;14.7809;15",4.26299,"0.2;0.7;0.1"
1.77044,5.41947,1.1654,"1;1.16871;1.44877;1.7069;1.84061;2.15699;2.48383;2.70656;3.1609;3.44633;3.81296;3.8824;4.37792;4.50843;4.98359;5.05876;5.87689;6.54435;6.77664;7.55962;7.97353;8.18863;9.15092;9.34066;9.61822;10.4267;11.8518;12.7511;13.0532;14.088;14.6401;15.7982;16.8709;17.4971;18.4777;19.1833;20.2435;20.6905;21.32;21.8834;22.1025;22.4578;22.6314;23.2427;23.634;23.7887;24.1073;24.2308;24.2786;24.1895;23.8785;23.7269;23.5504;23.3905;23.0856;22.2484;22.0787;21.5441;21","15;14.8096;14.3856;13.7032;13.0974;11.5654;9.96324;9.02692;7.42383;6.77707;6.11594;6.0034;5.30124;5.16063;4.72256;4.6692;4.22825;3.9828;3.90825;3.69817;3.62243;3.59065;3.48251;3.46455;3.44077;3.40247;3.40781;3.46076;3.48935;3.60677;3.68491;3.92743;4.24583;4.46418;4.84144;5.17671;5.80211;6.06778;6.54166;7.02419;7.2417;7.60634;7.78935;8.56914;9.194;9.47698;10.2893;10.78;11.2236;11.992;12.8172;13.0589;13.3082;13.5194;13.8378;14.4202;14.5065;14.7579;15",4.68966,"0.2;0.8;0"
0.938856,46.9014,0.798732,"1;1.7777;2.68863;3.89427;4.49196;5.12333;6.16125;7.70076;7.93548;8.58834;9.08271;9.82935;10.3938;10.9967;11.6674;12.9098;13.1721;14.1797;15.2775;15.8839;16.8447;17.6928;18.2855;19.0462;19.5765;20.1051;21","15;14.56;14.0993;13.5699;13.36;13.1589;12.8941;12.5992;12.5633;12.4758;12.4268;12.3652;12.3336;12.3272;12.3354;12.4118;12.4431;12.5938;12.8054;12.9271;13.1957;13.4698;13.6876;14.0041;14.2471;14.4999;15",0.840769,"0.3;0;0.7"
1.54157,5.93003,1.01509,"1;1.10337;1.20704;1.49538;1.61915;1.78822;2.17741;2.3567;2.73232;2.90942;3.18363;3.72835;3.94343;4.63001;5.35049;5.73756;5.85911;6.40948;7.20712;8.41208;8.69682;9.91063;10.3868;11.0384;11.6548;11.8733;13.0305;13.6518;13.9952;14.8822;15.7083;16.0821;16.6987;16.967;18.1163;18.8426;19.1047;19.6272;20.0692;20.1952;20.7206;21.1519;21.2269;21.46;21.5666;21.5734;21.5645;21.2844;21","15;14.8728;14.6925;14.1643;13.8124;13.1587;11.507;10.7655;9.46595;8.9934;8.38709;7.36774;7.04141;6.22009;5.60042;5.3035;5.22378;4.89134;4.49952;4.07463;4.01277;3.81366;3.75795;3.72514;3.7455;3.76638;3.89816;4.00636;4.07872;4.34357;4.65167;4.82338;5.11894;5.26868;6.04019;6.6876;6.94583;7.51161;8.06689;8.25295;9.10824;10.2049;10.486;11.3964;12.0289;12.7127;12.8808;14.3114;15",1.66453,"0.3;0.1;0.6"
1.61013,5.61951,1.05429,"1;1.22272;1.33313;1.40372;1.57111;1.88147;2.06598;2.34412;2.69488;2.93489;3.03943;3.20021;3.43263;3.88389;3.91247;4.30869;4.72072;5.24722;6.09889;6.59698;6.86277;7.63425;8.51866;8.94655;9.95102;10.9816;11.9857;12.9822;13.4485;14.2565;14.773;15.2457;15.9769;16.6909;16.903;17.2215;17.7845;18.0057;18.6257;19.2412;19.4605;20.0685;20.4442;20.6525;20.8275;20.9829;21.2066;21.4747;21.6403;21.741;21.9099;21.9661;22.1334;22.1591;22.1182;22.0269;21.8644;21.7056;21.4064;21","15;14.7732;14.5818;14.4062;13.9714;12.9644;12.0322;10.7249;9.35848;8.6163;8.33461;7.92358;7.41844;6.65105;6.60942;6.05321;5.59701;5.11385;4.58384;4.36352;4.23973;3.96734;3.75042;3.68039;3.55168;3.50231;3.52873;3.6202;3.67587;3.82012;3.91852;4.03858;4.27876;4.55042;4.64223;4.79534;5.1106;5.24777;5.64385;6.08647;6.27348;6.86802;7.3097;7.59108;7.83265;8.05284;8.43128;8.93672;9.30174;9.53858;10.118;10.3705;11.2707;11.7778;12.2357;12.8354;13.3957;13.8506;14.4636;15",2.13408,"0.3;0.2;0.5"
1.64536,5.53099,1.0771,"1;1.24735;1.51578;1.63896;1.65756;1.95825;2.17654;2.51707;2.64182;2.82923;3.07661;3.40353;3.61829;3.9971;4.55915;4.9488;5.69997;6.28911;6.96239;7.20601;8.11595;8.72701;9.37889;9.44296;9.90605;10.9171;11.8747;12.3855;13.184;14.3953;14.7696;16.1157;17.0594;17.5909;17.9007;18.4904;18.7275;19.5281;20.095;20.3942;20.867;21.0355;21.3738;21.5952;21.7631;22.1867;22.3619;22.4759;22.612;22.5896;22.5675;22.5385;22.3684;22.192;22.0943;21.4704;21","15;14.6889;14.1915;13.8767;13.8176;12.5741;11.4817;9.94339;9.46963;8.8715;8.10008;7.33372;6.92008;6.30697;5.58453;5.20641;4.67075;4.36497;4.09627;4.01795;3.78232;3.664;3.58592;3.57919;3.54027;3.47287;3.49543;3.5042;3.56416;3.76638;3.84134;4.2012;4.55052;4.79401;4.96707;5.2964;5.43456;5.98123;6.47421;6.75729;7.24962;7.45493;7.9239;8.23836;8.50189;9.40865;9.94176;10.4467;11.1826;11.8643;12.1688;12.4182;13.075;13.4551;13.6524;14.5265;15",2.58374,"0.3;0.3;0.4"
1.67622,5.48365,1.09733,"1;1.41968;1.62288;1.78587;1.85408;2.04373;2.32588;2.53533;2.73613;3.0426;3.24263;3.28948;3.56254;3.89506;4.1373;4.5846;4.74841;4.82488;5.15011;5.46702;5.90407;6.19994;6.876;7.49465;8.17921;8.84432;9.63037;9.81012;10.326;10.8175;11.6113;12.7282;13.6492;14.4002;14.6596;14.8501;15.4166;15.7131;16.0171;16.2863;16.5538;17.397;17.9858;18.2841;18.9263;19.3311;20.201;20.4366;20.597;20.9995;21.0795;21.2947;21.8806;22.1059;22.3703;22.6091;22.7363;22.8618;22.942;22.9506;22.946;22.8769;22.7774;22.7196;22.6391;22.4805;22.386;22.1527;21.9376;21.6612;21","15;14.5255;13.998;13.4265;13.1826;12.1967;10.7755;9.8021;9.03806;8.11725;7.58915;7.47732;6.84032;6.29967;5.92521;5.3668;5.20554;5.13635;4.88598;4.67525;4.43899;4.30238;4.03064;3.8412;3.6909;3.576;3.49195;3.47406;3.44005;3.42485;3.42896;3.49042;3.5986;3.71584;3.76235;3.79944;3.9285;4.0041;4.08731;4.1701;4.25737;4.57504;4.82756;4.97223;5.33502;5.58497;6.21603;6.43507;6.58997;6.98783;7.07415;7.32274;8.07578;8.44239;8.94056;9.54241;9.96184;10.4614;11.1261;11.4006;11.7264;12.2434;12.6028;12.7806;12.9951;13.3483;13.5231;13.8795;14.1504;14.435;15",3.02553,"0.3;0.4;0.3"
1.70237,5.45752,1.11628,"1;1.33067;1.50478;1.64465;1.89128;2.20554;2.44007;2.61434;2.84774;2.90461;3.09434;3.52003;4.07257;4.42142;5.05247;5.48939;5.91793;6.31634;6.75345;7.48462;8.1735;9.38795;10.0996;11.1166;11.7293;12.8262;13.7222;15.1995;15.4438;16.9572;17.4672;18.5161;18.7204;19.283;19.8483;20.1918;20.7593;21.6977;21.992;22.2739;22.4766;22.735;22.9291;23.1597;23.2728;23.2904;23.2632;23.2441;23.0498;23.007;22.898;22.4642;21.424;21","15;14.6954;14.3824;14.011;12.9497;11.3872;10.1164;9.44885;8.57972;8.39894;7.86849;6.87302;5.98099;5.52851;4.91844;4.62653;4.3706;4.17756;4.00423;3.7926;3.65381;3.48628;3.43707;3.42331;3.42099;3.47203;3.56453;3.84869;3.91097;4.34995;4.53916;5.02717;5.14146;5.45756;5.80626;6.05154;6.48528;7.4443;7.83941;8.24172;8.56829;9.02061;9.44119;10.1763;10.7485;11.4454;12.0327;12.1535;12.8714;12.9755;13.1939;13.814;14.7277;15",3.46273,"0.3;0.5;0.2"
1.72309,5.43794,1.13071,"1;1.31137;1.5001;1.73057;1.98932;2.25265;2.49815;2.83216;3.09722;3.39131;3.50177;3.75788;3.85394;4.05996;4.59176;4.96619;5.55244;5.89124;5.99492;6.23962;6.33211;7.11573;7.46931;8.34136;8.85389;9.37453;10.0359;10.4609;10.6005;11.6159;12.1459;12.7872;14.3072;14.5662;15.3534;16.1709;16.9129;17.7549;17.983;18.4439;19.2497;19.8543;20.3372;20.9877;21.6144;22.03;22.3313;22.8486;23.1545;23.252;23.4551;23.5686;23.6014;23.6033;23.585;23.5182;23.4159;23.3614;23.2407;22.9265;22.4713;22.0389;21.4704;21","15;14.6403;14.2449;13.5782;12.5308;11.1484;9.94705;8.64577;7.85316;7.15335;6.90167;6.39402;6.23489;5.92418;5.25256;4.89516;4.49869;4.32841;4.28136;4.17571;4.14086;3.87981;3.78863;3.60132;3.53165;3.47525;3.43868;3.42422;3.41996;3.41624;3.43318;3.46738;3.66504;3.70892;3.86993;4.08595;4.31269;4.60455;4.7;4.90275;5.3157;5.68467;6.00294;6.54948;7.13199;7.56191;7.93421;8.71086;9.31624;9.56798;10.1383;10.6966;11.2334;11.5879;11.815;12.1563;12.547;12.7137;13.0165;13.4775;13.9792;14.3495;14.7373;15",3.89276,"0.3;0.6;0.1"
1.74561,5.42813,1.14779,"1;1.09265;1.49932;1.78284;1.93111;2.09791;2.31528;2.40966;2.53932;2.81694;3.01344;3.27707;3.53203;3.9574;3.97039;4.33976;4.65252;4.85076;5.32111;5.55345;6.35588;6.98896;7.36476;8.29349;8.74705;9.53546;10.6381;10.907;11.8075;13.1885;14.3472;14.8866;14.989;15.4912;16.1742;16.2269;17.1483;17.9979;18.5991;18.8231;19.2714;19.6299;20.1299;20.7985;21.6579;22.4776;22.8972;23.2239;23.5578;23.61;23.6972;23.804;23.8823;23.8948;23.8897;23.8738;23.7879;23.6158;23.2428;22.9556;22.4773;22.3509;21.4934;21","15;14.915;14.3049;13.4743;12.8371;11.9076;10.7644;10.3418;9.80651;8.67742;8.07033;7.37418;6.77984;6.02228;5.99965;5.46454;5.11224;4.92873;4.58187;4.45598;4.09503;3.89;3.80039;3.62475;3.54998;3.46741;3.40045;3.39509;3.39405;3.49333;3.67298;3.77017;3.78943;3.90277;4.07752;4.09323;4.37182;4.68331;4.93408;5.0434;5.27903;5.47363;5.79921;6.24985;6.96353;7.86443;8.42367;8.95969;9.62508;9.76315;10.0648;10.4032;11.0205;11.3158;11.7007;11.8603;12.3257;12.8627;13.4453;13.7721;14.1644;14.2513;14.7776;15",4.32338,"0.3;0.7;0"
0.926127,50.7659,0.805632,"1;1.61386;2.9916;3.71457;4.83627;5.61199;6.09774;6.97064;8.0569;9.92113;11.6103;12.6158;13.8023;14.5856;15.7898;16.5399;18.0117;19.235;20.3889;21","15;14.7247;14.1781;13.9276;13.5967;13.403;13.2932;13.1298;12.9411;12.7884;12.7715;12.8251;12.9358;13.0451;13.2388;13.409;13.7871;14.1951;14.6871;15",0.85383,"0.4;0;0.6"
1.53572,5.96211,1.01279,"1;1.35216;1.59382;1.67515;1.89836;2.28292;2.37529;2.64595;3.16635;3.4262;4.14373;4.29991;4.83253;5.43493;5.78418;5.99726;6.64076;7.24518;7.76023;8.4084;9.29172;9.5333;10.2017;10.6662;11.8405;12.9008;14.273;15.2676;15.6162;16.7535;16.9137;17.5874;18.1636;18.9332;19.7841;20.1863;20.7271;21.0827;21.3684;21.4588;21.5075;21.548;21.5882;21.5658;21.4436;21.3335;21","15;14.5226;13.96;13.6942;12.836;11.2233;10.8224;9.86591;8.56673;8.07242;6.93165;6.73359;6.14617;5.61017;5.34682;5.19883;4.80364;4.53045;4.33238;4.12907;3.94086;3.91182;3.85757;3.82882;3.85336;3.93619;4.20777;4.52751;4.66649;5.18555;5.27886;5.68945;6.13817;6.83379;7.80124;8.38435;9.29862;10.0706;10.8984;11.2691;11.5305;11.8744;12.5959;13.1254;13.8475;14.2122;15",1.71689,"0.4;0.1;0.5"
1.60715,5.6277,1.05337,"1;1.22482;1.36542;1.54731;1.68071;1.87987;2.15693;2.27379;2.58906;3.0813;3.30784;3.81039;4.14601;4.67317;5.03951;5.49953;6.40044;6.78835;7.81842;8.28126;8.67403;9.83659;10.3787;11.4603;13.0653;14.114;15.09;15.6456;16.2479;17.6889;18.0628;18.7506;19.1711;19.9548;20.6791;21.2757;21.5289;21.8161;21.9535;22.1215;22.191;22.2022;22.154;22.0445;21.9481;21.653;21.2755;21","15;14.7168;14.5233;14.172;13.801;13.0349;11.6189;11.0394;9.7591;8.39265;7.82783;6.91266;6.41901;5.75719;5.40815;5.03445;4.52451;4.34275;3.99912;3.85751;3.77133;3.57986;3.53622;3.49772;3.60618;3.77332;4.02401;4.1949;4.3946;5.05143;5.28134;5.74236;6.05295;6.77216;7.65205;8.57526;9.09301;9.80863;10.2363;10.8505;11.3522;11.6617;12.374;12.9387;13.3002;14.027;14.6456;15",2.18975,"0.4;0.2;0.4"
1.65023,5.52367,1.08054,"1;1.33489;1.56199;1.77588;2.19311;2.42654;2.76668;3.07986;3.41705;3.5966;4.35776;4.73129;4.8091;5.0426;5.54483;6.30307;6.6276;6.98996;7.59505;8.33431;8.84523;9.59755;11.2347;11.995;13.4707;14.8625;15.7546;16.7591;16.9104;17.984;18.4751;18.6376;19.292;20.0351;20.6303;21.1743;21.7104;21.8624;22.1892;22.2831;22.4616;22.5477;22.6452;22.6399;22.5696;22.4467;22.3262;21.894;21.3104;21","15;14.5882;14.0182;13.2965;11.4753;10.2987;8.91549;7.98654;7.20823;6.87873;5.80264;5.41;5.33826;5.12822;4.77833;4.39162;4.2498;4.09851;3.92238;3.7341;3.64226;3.56105;3.49897;3.49157;3.59852;3.83962;4.07249;4.39093;4.44299;4.93224;5.18431;5.27794;5.70035;6.32294;6.90109;7.56324;8.38429;8.64492;9.37103;9.61369;10.2265;10.533;11.1706;11.6002;12.3464;12.93;13.3269;14.1215;14.7411;15",2.64136,"0.4;0.3;0.3"
1.67399,5.48869,1.09592,"1;1.10213;1.49964;1.75549;1.82976;2.20392;2.3818;2.78049;3.23267;3.80913;3.91036;4.14335;4.5202;4.8483;4.98659;5.5287;5.84586;5.96043;6.5418;7.60244;8.87774;9.81457;10.3064;10.5452;12.2078;13.0148;14.5021;15.9946;17.152;18.1045;19.1784;19.8715;20.7349;21.7017;22.2462;22.4935;22.6179;22.7999;22.9255;22.9559;22.9425;22.8699;22.6548;22.4734;22.0438;21.617;21","15;14.8712;14.2834;13.4723;13.2232;11.3993;10.4648;8.83848;7.50804;6.36707;6.21387;5.86564;5.43562;5.15223;5.05487;4.69414;4.54088;4.49114;4.23916;3.86362;3.6002;3.50384;3.47078;3.46342;3.44573;3.507;3.71903;4.0656;4.52648;4.90818;5.50691;5.98803;6.70405;7.86438;8.7447;9.3097;9.60869;10.2229;10.9449;11.1653;11.9116;12.403;13.05;13.3901;13.9773;14.4667;15",3.08425,"0.4;0.4;0.2"
1.70369,5.45836,1.11726,"1;1.52647;1.6725;1.92136;2.19703;2.40498;2.6536;3.03338;3.42795;3.77653;4.25754;4.9498;6.0266;6.25259;6.876;7.04559;7.56691;8.71789;9.81875;10.7851;12.0129;12.7906;13.8443;15.0054;15.866;16.4906;17.6995;18.4336;19.0668;20.2109;20.6052;20.6822;21.2039;21.4377;21.9174;22.2234;22.6904;22.979;23.171;23.22;23.2979;23.3338;23.2954;23.2167;22.8205;22.5731;22.3231;21.8673;21","15;14.2936;13.9246;12.9207;11.3127;10.3484;9.28699;8.01076;6.97504;6.33479;5.66085;4.97803;4.3138;4.2104;3.98635;3.93158;3.79852;3.56772;3.45512;3.40748;3.44723;3.49018;3.5959;3.79954;4.01403;4.21903;4.67294;4.98755;5.30698;6.05503;6.36211;6.42208;6.91527;7.16677;7.75153;8.22552;8.9575;9.54685;10.1649;10.3751;10.7097;11.2038;12.138;12.514;13.3225;13.6888;13.9729;14.4433;15",3.52238,"0.4;0.5;0.1"
1.71962,5.44228,1.12914,"1;1.14387;1.34992;1.65941;1.93502;2.07435;2.28668;2.5375;2.90551;3.1906;3.37735;3.53924;3.86505;4.10347;4.79837;5.04656;5.51492;6.0909;6.44117;7.03159;7.51001;8.29259;9.25126;10.0284;11.2205;12.0192;13.5801;14.2498;15.2278;15.8693;16.1808;16.9821;17.2277;18.4816;18.8476;19.4764;19.9904;20.2908;20.9965;21.4943;21.6488;22.4986;22.8918;23.1045;23.2759;23.5096;23.5437;23.544;23.5349;23.4105;23.272;23.1639;22.9688;22.7071;22.0759;21","15;14.8845;14.5955;13.9398;12.7483;12.0914;11.1237;9.78956;8.43793;7.61513;7.12756;6.78575;6.18331;5.87176;5.06108;4.87789;4.56966;4.28015;4.1184;3.9369;3.79414;3.62561;3.47466;3.42924;3.39395;3.42651;3.54791;3.66424;3.84547;4.0088;4.10012;4.33205;4.41374;4.92888;5.11139;5.47116;5.82104;6.03267;6.59342;7.05414;7.20163;8.27601;8.96211;9.48527;9.93442;10.9818;11.233;12.0396;12.0921;12.5358;12.9102;13.1165;13.4076;13.7517;14.3714;15",3.95322,"0.4;0.6;0"
0.918367,53.5717,0.812171,"1;2.34222;2.938;4.04469;4.87346;5.73557;6.34222;6.59524;8.22759;9.23455;10.6068;12.0326;12.9921;14.3745;15.9476;17.0458;18.1942;19.2225;21","15;14.4688;14.2624;13.9326;13.7415;13.5792;13.4714;13.4274;13.2157;13.1467;13.0943;13.1193;13.1694;13.2843;13.5271;13.7701;14.0663;14.3693;15",0.865269,"0.5;0;0.5"
1.5268,6.02736,1.00785,"1;1.4064;1.66081;1.72201;1.98198;2.22528;2.5645;2.7553;3.15507;3.43813;3.49379;3.99562;4.25023;4.57212;4.90365;5.23969;5.86029;6.52214;7.14766;7.25651;8.51634;9.69938;10.8606;11.4399;12.5207;12.7229;13.5434;14.208;14.5799;15.2637;16.0308;16.6539;17.4564;18.002;18.2873;18.7561;19.5102;19.8465;20.2956;20.5855;20.9764;21.0442;21.2415;21.31;21.4469;21.4966;21.4975;21.4797;21.3566;21","15;14.4834;13.8214;13.582;12.3626;11.3679;10.1343;9.6077;8.59536;8.04498;7.94173;7.19073;6.85666;6.46659;6.1337;5.81386;5.3443;4.92382;4.64327;4.60111;4.20338;3.96167;3.89332;3.87114;3.93471;3.9611;4.09186;4.24834;4.34569;4.57611;4.88531;5.22026;5.74736;6.12633;6.35824;6.77182;7.58818;8.03879;8.70129;9.2156;10.1001;10.2901;10.9321;11.2037;11.9692;12.4874;12.7776;13.0636;13.9574;15",1.76927,"0.5;0.1;0.4"
1.59863,5.65527,1.04783,"1;1.25892;1.37307;1.54999;1.84649;2.24231;2.41166;2.82789;2.8718;2.99799;3.11235;3.30732;3.69496;4.0925;4.24333;4.39634;4.72542;5.12075;5.5144;5.78189;6.41921;7.02761;8.224;8.72174;9.09024;9.50744;9.75523;10.2801;10.6404;11.7398;13.1751;13.5559;14.7693;15.5821;16.0633;16.6572;16.7679;17.3779;18.1677;18.7736;18.9953;19.4433;19.9985;20.4987;21.1426;21.3505;21.5166;21.8865;22.0108;22.0559;22.0518;22.0313;21.9975;21.8054;21.6059;21.2668;21","15;14.6908;14.4649;14.0439;12.9528;11.1925;10.4342;8.92341;8.79001;8.43929;8.1565;7.70828;6.94233;6.3812;6.19678;6.02268;5.70839;5.34094;5.05877;4.88005;4.53791;4.2812;3.88927;3.78129;3.71083;3.64077;3.61021;3.55175;3.52721;3.54663;3.67055;3.74153;3.97595;4.22595;4.39858;4.66869;4.71317;5.00048;5.46777;5.89617;6.0779;6.47433;7.00603;7.59604;8.58539;8.94742;9.27338;10.3224;10.8953;11.6279;11.8415;12.4525;12.8349;13.5562;14.0077;14.6189;15",2.24472,"0.5;0.2;0.3"
1.63818,5.54899,1.07246,"1;1.39727;1.54451;1.85224;2.20937;2.33335;2.57945;2.86851;3.33107;3.89459;4.17199;4.62513;5.31756;6.28433;6.40393;7.01315;8.24461;9.55283;10.2964;10.4965;11.0529;12.1498;12.6268;13.0756;14.2172;15.0028;16.8171;18.1835;19.0359;19.8781;20.5628;21.2473;21.7434;22.2128;22.4459;22.4922;22.493;22.3865;22.2147;21.8797;21.6976;21.5114;21","15;14.5155;14.1872;13.125;11.3223;10.7259;9.7345;8.79423;7.6377;6.52645;6.13301;5.61282;4.99071;4.37659;4.32802;4.09803;3.77013;3.55323;3.50658;3.49513;3.47931;3.51377;3.53546;3.56536;3.71227;3.88943;4.44443;5.08177;5.62471;6.31086;6.95991;7.89939;8.71842;9.74483;10.6525;11.1702;11.9813;12.6924;13.226;13.9237;14.192;14.4237;15",2.69828,"0.5;0.3;0.2"
1.66626,5.49457,1.09093,"1;1.19517;1.29591;1.39899;1.58899;1.94623;2.15523;2.49906;2.81389;2.83871;2.98487;3.16758;3.57145;4.06553;4.38914;4.86049;5.56868;5.93295;6.24639;6.52998;7.32785;7.39491;7.98221;9.17889;9.7457;10.8333;11.7446;12.6175;13.62;14.3781;15.3245;15.8969;16.7027;17.2238;18.158;18.5343;19.1893;19.5881;20.3317;21.1508;21.697;22.1476;22.5229;22.7074;22.8274;22.843;22.84;22.7673;22.6562;22.4076;22.0185;21.9016;21.4727;21","15;14.7858;14.6613;14.4945;14.0402;12.6498;11.4711;9.96475;8.82422;8.73391;8.27253;7.76368;6.90978;6.10516;5.68786;5.16964;4.6628;4.4752;4.31794;4.20116;3.92335;3.90172;3.74314;3.53105;3.4875;3.45032;3.44787;3.5099;3.61858;3.73455;3.94166;4.10553;4.37252;4.55278;4.97629;5.1722;5.57624;5.84528;6.46624;7.28203;7.9871;8.73148;9.55512;10.1364;10.9346;11.0614;11.8552;12.2476;12.7627;13.3945;14.0079;14.1511;14.5862;15",3.14005,"0.5;0.4;0.1"
1.69829,5.45937,1.11428,"1;1.27568;1.69124;1.89327;2.19363;2.42964;2.56886;2.86258;3.26015;3.65798;4.14594;4.39316;4.52797;4.70799;5.12598;5.21356;5.66721;6.09793;6.44007;7.26005;7.82856;8.14472;8.45407;9.26027;10.2335;11.2262;12.0434;13.3493;14.153;15.2664;16.5799;17.0595;17.5699;18.5176;19.1286;19.642;20.4331;20.981;21.4665;22.0198;22.3368;22.6429;22.9588;23.2345;23.2647;23.298;23.227;23.0328;22.8616;22.4112;21.8394;21.4579;21","15;14.7208;13.836;12.9837;11.3572;10.2046;9.55314;8.54617;7.48279;6.64969;5.87568;5.58288;5.43003;5.23265;4.88712;4.82376;4.55947;4.35244;4.22268;3.93939;3.79111;3.72967;3.67996;3.55976;3.46533;3.41778;3.44295;3.54505;3.66027;3.87485;4.21271;4.38257;4.58157;5.0306;5.3835;5.69277;6.26922;6.80459;7.29286;7.92045;8.43385;9.01538;9.69463;10.5915;10.7924;11.3228;12.1127;12.8479;13.2976;13.9339;14.4438;14.7215;15",3.57883,"0.5;0.5;0"
0.910683,56.8881,0.821809,"1;1.5598;3.1897;4.45165;5.13804;5.89228;7.16932;7.7138;9.57281;10.3771;11.7154;13.6632;14.4807;15.345;16.092;17.638;18.8488;19.7949;21","15;14.8466;14.4011;14.107;13.9735;13.8422;13.6759;13.6073;13.4673;13.4554;13.4801;13.5577;13.6232;13.7273;13.8323;14.091;14.3667;14.6182;15",0.875133,"0.6;0;0.4"
1.51867,6.09125,1.00305,"1;1.45199;1.74219;2.10757;2.45219;2.80814;2.97498;3.35761;3.79937;4.29483;4.47069;4.7792;5.7351;6.41207;6.99896;7.63128;8.46152;10.0304;11.2005;12.3436;13.2387;13.9395;14.6003;15.6453;16.4163;17.2535;17.7648;18.487;19.0586;19.8047;20.343;20.7186;20.9664;21.3441;21.4618;21.4541;21.4113;21.2313;21.1301;21","15;14.2234;13.434;11.9591;10.7015;9.64442;9.2256;8.42362;7.65997;6.9833;6.78319;6.46421;5.61645;5.14727;4.84329;4.56835;4.29258;3.974;3.90585;3.9639;4.08232;4.20623;4.3948;4.74392;5.08286;5.54211;5.88604;6.47196;7.07375;7.94763;8.7749;9.53966;10.1415;11.404;12.518;12.7558;13.5269;14.2823;14.6326;15",1.82124,"0.6;0.1;0.3"
1.59276,5.67943,1.04498,"1;1.05551;1.31261;1.48071;1.71706;1.99453;2.23945;2.4947;2.60008;3.01901;3.10861;3.24937;3.89571;4.43592;4.97089;5.59194;5.95279;7.04966;7.98064;8.41695;9.0761;9.85347;10.4721;11.775;12.2446;13.0386;14.9235;15.8258;15.9848;16.3213;16.9961;17.5298;17.8849;18.7075;19.2625;19.8212;20.2309;20.7466;20.9849;21.2274;21.474;21.6611;21.8094;21.9947;22.0255;22.0522;21.9574;21.7563;21.441;21","15;14.9221;14.5131;14.1356;13.3929;12.3571;11.2706;10.1864;9.75792;8.50695;8.28822;7.96388;6.83762;6.16111;5.5946;5.08083;4.83294;4.29944;4.01888;3.91517;3.76165;3.66712;3.61167;3.58296;3.59655;3.6671;4.06875;4.34861;4.40025;4.52441;4.81923;5.13143;5.3246;5.86554;6.30578;6.83907;7.3054;7.99315;8.39116;8.80535;9.26678;9.72753;10.1974;11.133;11.65;12.1939;13.0406;13.8243;14.4341;15",2.30054,"0.6;0.2;0.2"
1.63448,5.55365,1.07169,"1;1.24424;1.61338;1.72421;1.8354;2.12991;2.41039;2.49189;2.69589;2.82123;3.04653;3.06552;3.24548;3.52894;3.918;4.2278;4.46091;4.9395;5.34789;5.70097;6.31469;7.04177;7.18808;8.17806;8.79687;9.35483;9.82977;10.7222;12.0179;13.1348;13.6869;13.961;14.3269;14.6641;15.2406;16.2561;16.9733;17.3388;18.2814;18.8879;19.5291;19.8826;20.3982;20.7392;21.2257;21.6844;22.071;22.1447;22.421;22.5475;22.5388;22.464;22.2397;22.0137;21.6254;21.4089;21.3071;21","15;14.7308;13.9521;13.6025;13.1882;11.6905;10.4313;10.1139;9.3512;8.92255;8.28494;8.23454;7.81556;7.25056;6.62272;6.15557;5.87519;5.40955;5.05071;4.82106;4.47422;4.16411;4.10843;3.81248;3.68319;3.60797;3.55268;3.51759;3.52242;3.60146;3.68259;3.73198;3.80407;3.87334;4.01987;4.32243;4.58551;4.727;5.2242;5.58752;6.0882;6.40354;6.95009;7.33076;7.94463;8.65844;9.41455;9.58591;10.5823;11.3914;11.9332;12.5428;13.3633;13.8264;14.3935;14.6421;14.7409;15",2.75395,"0.6;0.3;0.1"
1.65944,5.50724,1.08744,"1;1.27667;1.47534;1.62272;1.78095;1.84221;2.15201;2.41734;2.71291;3.03768;3.46967;3.6078;3.78702;4.03362;4.44242;4.94524;5.2175;6.0036;6.37479;6.70604;7.56051;8.12537;8.98055;10.0986;10.6616;11.281;12.4775;13.5288;14.2597;14.9651;15.1583;16.1993;16.4866;16.9016;17.7276;18.1086;18.6661;19.0682;19.4425;20.035;20.5301;21.0861;21.5821;21.9714;22.2953;22.5779;22.6733;22.7408;22.749;22.7272;22.659;22.56;22.4152;21.9711;21.4763;21.2508;21","15;14.7435;14.4145;14.0454;13.4989;13.2417;11.6559;10.3675;9.12635;8.1199;7.05055;6.79365;6.50015;6.10971;5.60861;5.09122;4.89927;4.48078;4.29722;4.16436;3.88966;3.75081;3.60955;3.50091;3.47182;3.4502;3.51257;3.63697;3.72654;3.87745;3.92099;4.21079;4.31032;4.45476;4.80729;5.01433;5.33122;5.56866;5.82719;6.27635;6.75734;7.39063;8.08448;8.76065;9.39032;10.2393;10.7277;11.2125;11.8666;12.0612;12.5354;12.8665;13.3181;14.082;14.6332;14.8205;15",3.19856,"0.6;0.4;0"
0.905342,59.8767,0.831962,"1;2.51318;3.42528;4.76018;5.74515;7.1999;8.90807;10.539;11.4703;12.6893;13.7955;15.6654;17.072;17.8716;19.6616;20.4653;21","15;14.6076;14.4169;14.1982;14.0582;13.9148;13.8129;13.7729;13.7954;13.8433;13.9094;14.0653;14.2572;14.3768;14.6961;14.8702;15",0.883328,"0.7;0;0.3"
1.51516,6.11257,1.00252,"1;1.19238;1.44105;1.68537;1.81817;2.20354;2.34544;2.55632;2.78373;2.84559;3.13152;3.82361;4.27772;4.6825;5.19027;5.57699;6.23628;6.6581;6.92081;8.01748;8.62272;9.40748;9.82797;10.33;10.8353;11.1435;11.3308;12.4681;13.0789;14.0327;14.7299;14.9815;16.1139;17.011;17.364;17.8318;18.2748;19.503;19.6959;19.8432;20.3539;20.5749;20.8976;21.1449;21.291;21.4227;21.4596;21.4938;21.407;21.2206;21","15;14.7869;14.3953;13.7725;13.2668;11.7476;11.2083;10.4151;9.74117;9.56411;8.86687;7.65065;7.05063;6.59441;6.1158;5.81552;5.35508;5.11407;4.97286;4.46376;4.25981;4.0744;4.01532;3.95936;3.93285;3.92987;3.93243;3.98241;4.07347;4.2663;4.48369;4.57539;5.02456;5.53647;5.78286;6.13251;6.47851;7.70605;7.95292;8.14214;8.90241;9.32326;9.96686;10.6;11.1334;11.8375;12.057;13.0334;13.7628;14.5039;15",1.87237,"0.7;0.1;0.2"
1.58818,5.69251,1.04289,"1;1.257;1.44019;1.65396;1.79211;1.99501;2.26716;2.50662;2.85344;3.08406;3.20125;3.70953;4.06105;4.30331;5.05284;5.77873;6.59947;7.81502;8.48635;9.08554;9.49126;10.9692;11.6632;12.6177;14.0855;14.6927;15.062;16.2927;16.916;17.3414;17.738;18.4139;19.4506;20.0676;20.5129;20.8904;21.1798;21.3071;21.3366;21.5792;21.8549;21.9436;21.9974;22.0047;21.8068;21.6469;21.4858;21.2234;21","15;14.6864;14.3664;13.8186;13.3474;12.4228;11.1138;10.1596;8.99944;8.35386;8.03943;7.04616;6.53289;6.22125;5.47424;4.96504;4.507;4.02137;3.84928;3.75251;3.7119;3.61931;3.64985;3.71514;3.9154;4.05174;4.16186;4.5821;4.84709;5.05051;5.26239;5.73745;6.65263;7.27803;7.90502;8.44052;8.93542;9.19242;9.25503;9.80291;10.8142;11.1919;11.7186;12.5312;13.592;14.0159;14.3165;14.7333;15",2.35452,"0.7;0.2;0.1"
1.62849,5.56763,1.06725,"1;1.36238;1.48219;1.58575;1.76518;2.03937;2.21356;2.54896;2.75875;2.96107;3.10916;3.51437;3.68216;3.99823;4.57282;5.1308;5.49769;5.70167;6.51583;7.66639;8.86737;9.30559;9.96548;11.1867;12.1598;12.9637;13.608;14.0631;15.471;16.0346;16.534;17.0203;17.898;18.6966;19.3258;19.5445;20.23;20.5355;20.8391;21.0886;21.169;21.414;21.6346;21.8554;22.1822;22.2699;22.3811;22.4569;22.4419;22.4076;22.3375;22.2731;22.008;21.5671;21","15;14.5598;14.3286;14.0359;13.4179;12.1773;11.2891;9.80485;9.05568;8.44193;8.01222;7.11442;6.81655;6.3493;5.67396;5.16306;4.88683;4.7543;4.35218;3.94553;3.67627;3.60853;3.53613;3.50358;3.52615;3.60171;3.67887;3.75688;4.08806;4.2639;4.43923;4.65639;5.08465;5.59829;6.07492;6.24184;6.90098;7.21827;7.5964;7.95508;8.08134;8.46858;8.82121;9.29703;10.0842;10.3768;10.9097;11.5012;12.0978;12.4273;12.7374;13.0189;13.6584;14.3753;15",2.81023,"0.7;0.3;0"
0.900319,63.5369,0.847377,"1;2.13081;3.61445;5.10667;6.36059;6.88655;7.81643;8.85695;10.3789;12.1536;14.1276;15.2505;16.5627;17.0392;17.7138;19.6873;20.008;20.5863;21","15;14.8097;14.6329;14.4907;14.3592;14.31;14.2351;14.1962;14.1795;14.1883;14.2574;14.3332;14.446;14.4916;14.5639;14.8069;14.849;14.9304;15",0.889731,"0.8;0;0.2"
1.50827,6.16388,0.998446,"1;1.27041;1.45359;1.63821;1.76054;2.18102;2.48181;2.64471;2.96361;3.05827;3.24619;3.61157;3.80089;4.0954;4.14751;4.41159;4.63404;5.08252;5.35164;5.71022;6.43622;7.11465;7.28563;7.64121;8.18029;8.52992;9.37566;9.77701;10.2556;11.3879;11.5364;12.5878;13.2634;13.9103;14.7367;15.1223;15.7776;16.3044;16.7528;16.7969;17.028;17.4414;17.9359;18.7244;18.9743;19.4815;20.2138;20.3833;20.5273;20.6345;20.9212;21.1359;21.2131;21.2653;21.4002;21.4057;21.26;21","15;14.668;14.3027;13.8011;13.4266;11.7113;10.6252;10.1046;9.29785;9.0887;8.69178;8.01212;7.70556;7.29539;7.2256;6.90364;6.64534;6.20225;5.98355;5.70214;5.24162;4.88214;4.80456;4.6557;4.47022;4.36687;4.15309;4.08636;4.03699;3.98635;3.98548;4.06889;4.17924;4.2966;4.51364;4.65535;4.93035;5.18278;5.44777;5.47478;5.61794;5.9085;6.27641;6.97493;7.21742;7.78439;8.81991;9.12007;9.38733;9.61607;10.2459;10.8833;11.2104;11.4499;12.3266;13.5557;14.3462;15",1.92284,"0.8;0.1;0.1"
1.58537,5.70333,1.0411,"1;1.14398;1.30983;1.45255;1.68396;1.93865;2.25293;2.39107;2.49831;2.78674;3.05657;3.08944;3.56887;3.89383;4.28773;5.08639;5.98858;6.6289;6.97384;7.45429;7.80953;9.17468;9.51268;11.0084;11.6962;12.0727;12.2047;13.1778;13.5018;14.1148;14.7635;15.3224;16.0089;17.2213;17.4914;17.8271;18.6968;19.0447;19.8453;20.2168;20.7294;21.0007;21.4169;21.5123;21.7505;21.8019;21.9169;21.9669;21.9911;21.9656;21.9242;21.7666;21.6005;21.304;21","15;14.8731;14.6396;14.3949;13.7588;12.6765;11.1803;10.6031;10.1756;9.11628;8.38945;8.31664;7.34821;6.84119;6.31859;5.51776;4.81831;4.4828;4.34209;4.18045;4.06212;3.74926;3.69777;3.61012;3.62493;3.63512;3.64227;3.75113;3.79545;3.90421;4.06836;4.23963;4.49684;5.0223;5.18155;5.38984;6.00435;6.30508;7.07085;7.47888;8.20718;8.67172;9.4526;9.71983;10.4885;10.6854;11.192;11.5769;11.9023;12.5504;12.8032;13.4862;14.0009;14.5904;15",2.40896,"0.8;0.2;0"
0.897628,66.7711,0.862738,"1;2.85169;4.04752;4.82743;5.4258;6.85951;8.53722;9.43098;10.8238;12.5718;13.9463;15.2561;16.1809;16.6828;18.2205;19.0817;21","15;14.8556;14.7761;14.7309;14.7026;14.6313;14.5783;14.5403;14.5229;14.5383;14.5692;14.61;14.6417;14.6597;14.742;14.8101;15",0.894139,"0.9;0;0.1"
1.50074,6.23225,0.994819,"1;1.30726;1.34406;1.56885;1.83436;2.16587;2.47626;2.83047;3.01306;3.10594;3.29739;3.45822;3.97513;4.37324;5.04932;5.80705;6.61362;7.56743;7.92391;8.28069;9.0209;10.3361;10.9794;11.3829;11.7845;12.1798;12.6109;13.246;13.8352;14.8704;15.2979;16.16;16.2709;16.5952;16.8898;17.737;18.2573;18.4331;19.4839;20.13;20.3682;20.6557;20.8806;21.2045;21.3516;21.4069;21.3908;21.2604;21","15;14.6329;14.5611;14.0403;13.1331;11.7471;10.6149;9.59964;9.15509;8.93764;8.54209;8.24455;7.47623;6.97681;6.29571;5.71306;5.2005;4.73968;4.61407;4.51238;4.32694;4.15225;4.12789;4.1269;4.14038;4.15883;4.19754;4.27664;4.38385;4.67428;4.81646;5.2237;5.28167;5.4607;5.62516;6.2206;6.62916;6.78976;7.8775;8.75322;9.18451;9.7288;10.2216;11.1997;11.8872;12.783;13.2539;14.2052;15",1.97389,"0.9;0.1;0"
0.896337,71.382,0.888785,"1;2.36683;3.84582;4.74771;6.64081;8.34647;9.36614;11.1185;12.4327;14.244;15.6601;17.147;18.3415;19.8167;21","15;15.0047;15.02;15.0321;15.0488;15.0602;15.06;15.0434;15.0453;15.0122;14.984;14.9877;14.9756;14.9847;15",0.896337,"1;0;0"
