idx,Length,Risk,TravelTime,label,weight_Length,weight_Risk,weight_TravelTime
0,0.530092,0.841234,0.12467,convex,convex,0.0,0.0,1.0
1,0.632437,0.300905,0.1325,convex,convex,0.0,0.0333333,0.966667
2,0.685021,0.172632,0.13861,concave,concave,0.0,0.0666667,0.933333
3,0.712449,0.131206,0.142118,convex,convex,0.0,0.1,0.9
4,0.737237,0.105879,0.145384,concave,concave,0.0,0.133333,0.866667
5,0.754024,0.0933156,0.147635,convex,convex,0.0,0.166667,0.833333
6,0.762873,0.0877428,0.148865,concave,concave,0.0,0.2,0.8
7,0.773113,0.0824081,0.150308,convex,convex,0.0,0.233333,0.766667
8,0.786299,0.0772018,0.152085,concave,concave,0.0,0.266667,0.733333
9,0.792102,0.074637,0.15302,convex,convex,0.0,0.3,0.7
10,0.796419,0.0734976,0.153544,concave,concave,0.0,0.333333,0.666667
11,0.806779,0.070488,0.155104,concave,concave,0.0,0.366667,0.633333
12,0.811005,0.0694346,0.15576,convex,convex,0.0,0.4,0.6
13,0.816644,0.0682496,0.156588,convex,convex,0.0,0.433333,0.566667
14,0.821222,0.0674675,0.157273,concave,concave,0.0,0.466667,0.533333
15,0.826605,0.0666155,0.158035,concave,concave,0.0,0.5,0.5
16,0.831659,0.0658404,0.158843,concave,concave,0.0,0.533333,0.466667
17,0.835641,0.0652592,0.159478,concave,concave,0.0,0.566667,0.433333
18,0.840692,0.064609,0.160354,convex,convex,0.0,0.6,0.4
19,0.842069,0.0644303,0.160758,concave,concave,0.0,0.633333,0.366667
20,0.848553,0.0638182,0.16173,convex,convex,0.0,0.666667,0.333333
21,0.852246,0.0636867,0.1622,concave,concave,0.0,0.7,0.3
22,0.855374,0.0633625,0.162781,convex,convex,0.0,0.733333,0.266667
23,0.857473,0.063229,0.163194,concave,concave,0.0,0.766667,0.233333
24,0.862251,0.0629349,0.164117,concave,concave,0.0,0.8,0.2
25,0.871993,0.0625138,0.165864,concave,concave,0.0,0.833333,0.166667
26,0.873393,0.0624368,0.166169,convex,convex,0.0,0.866667,0.133333
27,0.883332,0.0622173,0.168055,convex,convex,0.0,0.9,0.1
28,0.892694,0.0620161,0.170136,convex,convex,0.0,0.933333,0.0666667
29,0.868321,0.0416309,0.709143,convex,convex,0.0,0.966667,0.0333333
30,1.00003,0.0384961,1.00388,convex,convex,0.0,1.0,0.0
31,0.522764,0.886144,0.124811,convex,convex,0.0333333,0.0,0.966667
32,0.614087,0.36775,0.130528,convex,convex,0.0333333,0.0333333,0.933333
33,0.66563,0.210315,0.136317,convex,convex,0.0333333,0.0666667,0.9
34,0.699853,0.147729,0.140535,convex,convex,0.0333333,0.1,0.866667
35,0.723684,0.118417,0.143621,concave,concave,0.0333333,0.133333,0.833333
36,0.738671,0.10473,0.145546,concave,concave,0.0333333,0.166667,0.8
37,0.751125,0.0949962,0.14729,concave,concave,0.0333333,0.2,0.766667
38,0.764825,0.0870689,0.149059,concave,concave,0.0333333,0.233333,0.733333
39,0.774667,0.0818749,0.150456,convex,convex,0.0333333,0.266667,0.7
40,0.779179,0.0796597,0.151141,convex,convex,0.0333333,0.3,0.666667
41,0.784913,0.0772686,0.151957,convex,convex,0.0333333,0.333333,0.633333
42,0.794081,0.0739678,0.153383,concave,concave,0.0333333,0.366667,0.6
43,0.796581,0.0731932,0.153684,concave,concave,0.0333333,0.4,0.566667
44,0.808869,0.0699799,0.155418,concave,concave,0.0333333,0.433333,0.533333
45,0.810251,0.0694698,0.155742,convex,convex,0.0333333,0.466667,0.5
46,0.814783,0.0688202,0.156276,concave,concave,0.0333333,0.5,0.466667
47,0.8205,0.0673645,0.157327,concave,concave,0.0333333,0.533333,0.433333
48,0.823211,0.0669597,0.157646,convex,convex,0.0333333,0.566667,0.4
49,0.827164,0.066346,0.15826,concave,concave,0.0333333,0.6,0.366667
50,0.83029,0.0658029,0.158793,convex,convex,0.0333333,0.633333,0.333333
51,0.8356,0.0651287,0.159619,concave,concave,0.0333333,0.666667,0.3
52,0.841932,0.0644171,0.160715,concave,concave,0.0333333,0.7,0.266667
53,0.84296,0.0643923,0.160819,concave,concave,0.0333333,0.733333,0.233333
54,0.845795,0.0640368,0.161304,convex,convex,0.0333333,0.766667,0.2
55,0.851057,0.0635756,0.1623,convex,convex,0.0333333,0.8,0.166667
56,0.853505,0.0634257,0.162774,concave,concave,0.0333333,0.833333,0.133333
57,0.858486,0.0630791,0.163577,convex,convex,0.0333333,0.866667,0.1
58,0.864203,0.0627976,0.164508,convex,convex,0.0333333,0.9,0.0666667
59,0.836072,0.0434995,0.666694,convex,convex,0.0333333,0.933333,0.0333333
60,0.891685,0.0397974,0.799756,convex,convex,0.0333333,0.966667,0.0
61,0.513082,0.944681,0.125329,convex,convex,0.0666667,0.0,0.933333
62,0.599418,0.431485,0.129053,convex,convex,0.0666667,0.0333333,0.9
63,0.653765,0.238383,0.134947,convex,convex,0.0666667,0.0666667,0.866667
64,0.685952,0.169986,0.138783,convex,convex,0.0666667,0.1,0.833333
65,0.710166,0.133654,0.141877,convex,convex,0.0666667,0.133333,0.8
66,0.725765,0.116346,0.143871,convex,convex,0.0666667,0.166667,0.766667
67,0.739122,0.103977,0.145649,convex,convex,0.0666667,0.2,0.733333
68,0.751568,0.0948977,0.147355,concave,concave,0.0666667,0.233333,0.7
69,0.762713,0.0876887,0.148869,convex,convex,0.0666667,0.266667,0.666667
70,0.766997,0.085348,0.149495,concave,concave,0.0666667,0.3,0.633333
71,0.776414,0.0810107,0.150745,concave,concave,0.0666667,0.333333,0.6
72,0.781219,0.0787699,0.151471,concave,concave,0.0666667,0.366667,0.566667
73,0.788803,0.0757216,0.152576,convex,convex,0.0666667,0.4,0.533333
74,0.793754,0.0741375,0.153277,concave,concave,0.0666667,0.433333,0.5
75,0.798835,0.0724783,0.154056,concave,concave,0.0666667,0.466667,0.466667
76,0.804697,0.0709086,0.154822,convex,convex,0.0666667,0.5,0.433333
77,0.807564,0.0701307,0.155348,concave,concave,0.0666667,0.533333,0.4
78,0.812961,0.0690549,0.156025,convex,convex,0.0666667,0.566667,0.366667
79,0.81787,0.0679337,0.156891,concave,concave,0.0666667,0.6,0.333333
80,0.820806,0.0672984,0.157372,convex,convex,0.0666667,0.633333,0.3
81,0.825421,0.0665335,0.158145,concave,concave,0.0666667,0.666667,0.266667
82,0.828735,0.0659896,0.15867,convex,convex,0.0666667,0.7,0.233333
83,0.827394,0.0663365,0.158311,concave,concave,0.0666667,0.733333,0.2
84,0.836097,0.0650377,0.159832,concave,concave,0.0666667,0.766667,0.166667
85,0.835518,0.0650845,0.159671,convex,convex,0.0666667,0.8,0.133333
86,0.842066,0.0643747,0.160786,convex,convex,0.0666667,0.833333,0.1
87,0.844466,0.0641261,0.161133,convex,convex,0.0666667,0.866667,0.0666667
88,0.812415,0.0462685,0.625823,convex,convex,0.0666667,0.9,0.0333333
89,0.854816,0.0416623,0.723113,convex,convex,0.0666667,0.933333,0.0
90,0.512233,0.948045,0.125396,convex,convex,0.1,0.0,0.9
91,0.581365,0.518541,0.127434,convex,convex,0.1,0.0333333,0.866667
92,0.64327,0.266673,0.133762,convex,convex,0.1,0.0666667,0.833333
93,0.679057,0.182031,0.137962,convex,convex,0.1,0.1,0.8
94,0.699045,0.148669,0.140493,concave,concave,0.1,0.133333,0.766667
95,0.715853,0.127256,0.142569,convex,convex,0.1,0.166667,0.733333
96,0.727834,0.114085,0.144189,concave,concave,0.1,0.2,0.7
97,0.739599,0.103517,0.145767,concave,concave,0.1,0.233333,0.666667
98,0.748706,0.0968593,0.146917,convex,convex,0.1,0.266667,0.633333
99,0.75736,0.0907806,0.148194,concave,concave,0.1,0.3,0.6
100,0.76613,0.0858182,0.149348,convex,convex,0.1,0.333333,0.566667
101,0.774078,0.0817787,0.150494,convex,convex,0.1,0.366667,0.533333
102,0.7804,0.0790122,0.151394,convex,convex,0.1,0.4,0.5
103,0.784511,0.0772807,0.152012,convex,convex,0.1,0.433333,0.466667
104,0.789966,0.0755036,0.152679,concave,concave,0.1,0.466667,0.433333
105,0.793508,0.0741629,0.153272,concave,concave,0.1,0.5,0.4
106,0.798918,0.0724378,0.154026,convex,convex,0.1,0.533333,0.366667
107,0.802688,0.0714162,0.154616,concave,concave,0.1,0.566667,0.333333
108,0.808488,0.0699282,0.155522,concave,concave,0.1,0.6,0.3
109,0.812028,0.0690546,0.156027,convex,convex,0.1,0.633333,0.266667
110,0.815733,0.0682436,0.15663,convex,convex,0.1,0.666667,0.233333
111,0.816878,0.0680352,0.156768,convex,convex,0.1,0.7,0.2
112,0.82103,0.067331,0.15735,concave,concave,0.1,0.733333,0.166667
113,0.825179,0.0666394,0.158038,concave,concave,0.1,0.766667,0.133333
114,0.826549,0.0663294,0.158369,convex,convex,0.1,0.8,0.1
115,0.830844,0.0657054,0.15904,concave,concave,0.1,0.833333,0.0666667
116,0.79877,0.0485084,0.599205,convex,convex,0.1,0.866667,0.0333333
117,0.825,0.0445538,0.659426,convex,convex,0.1,0.9,0.0
118,0.506232,0.98162,0.126121,convex,convex,0.133333,0.0,0.866667
119,0.56761,0.592793,0.126465,convex,convex,0.133333,0.0333333,0.833333
120,0.625629,0.322774,0.131853,convex,convex,0.133333,0.0666667,0.8
121,0.664002,0.212809,0.136232,convex,convex,0.133333,0.1,0.766667
122,0.68731,0.166978,0.139041,convex,convex,0.133333,0.133333,0.733333
123,0.707029,0.137552,0.141521,convex,convex,0.133333,0.166667,0.7
124,0.72092,0.12122,0.143287,concave,concave,0.133333,0.2,0.666667
125,0.731925,0.110406,0.144714,concave,concave,0.133333,0.233333,0.633333
126,0.743373,0.100489,0.146272,convex,convex,0.133333,0.266667,0.6
127,0.749769,0.0959082,0.147183,concave,concave,0.133333,0.3,0.566667
128,0.754677,0.0926372,0.147779,convex,convex,0.133333,0.333333,0.533333
129,0.764267,0.0869712,0.149136,concave,concave,0.133333,0.366667,0.5
130,0.771167,0.0832243,0.150099,concave,concave,0.133333,0.4,0.466667
131,0.777496,0.0802463,0.150988,convex,convex,0.133333,0.433333,0.433333
132,0.779244,0.0796517,0.151208,concave,concave,0.133333,0.466667,0.4
133,0.786352,0.0767425,0.152187,concave,concave,0.133333,0.5,0.366667
134,0.79113,0.0749792,0.152913,concave,concave,0.133333,0.533333,0.333333
135,0.794183,0.0740872,0.153314,concave,concave,0.133333,0.566667,0.3
136,0.800493,0.071955,0.154365,convex,convex,0.133333,0.6,0.266667
137,0.804014,0.0709682,0.154858,convex,convex,0.133333,0.633333,0.233333
138,0.807375,0.0701836,0.155363,concave,concave,0.133333,0.666667,0.2
139,0.809002,0.0698015,0.155584,concave,concave,0.133333,0.7,0.166667
140,0.812957,0.0688189,0.15622,convex,convex,0.133333,0.733333,0.133333
141,0.819843,0.0674915,0.157199,convex,convex,0.133333,0.766667,0.1
142,0.820721,0.0672959,0.157414,convex,convex,0.133333,0.8,0.0666667
143,0.780908,0.0523379,0.566852,convex,convex,0.133333,0.833333,0.0333333
144,0.805289,0.0472851,0.620988,convex,convex,0.133333,0.866667,0.0
145,0.502897,0.997537,0.126713,convex,convex,0.166667,0.0,0.833333
146,0.551888,0.686475,0.125538,convex,convex,0.166667,0.0333333,0.8
147,0.617868,0.350977,0.130991,convex,convex,0.166667,0.0666667,0.766667
148,0.652495,0.241404,0.134815,convex,convex,0.166667,0.1,0.733333
149,0.679935,0.179761,0.138154,convex,convex,0.166667,0.133333,0.7
150,0.696747,0.151855,0.140231,convex,convex,0.166667,0.166667,0.666667
151,0.713187,0.129708,0.142327,convex,convex,0.166667,0.2,0.633333
152,0.722202,0.119717,0.143446,convex,convex,0.166667,0.233333,0.6
153,0.734221,0.10807,0.145073,convex,convex,0.166667,0.266667,0.566667
154,0.741115,0.102543,0.14591,concave,concave,0.166667,0.3,0.533333
155,0.749337,0.096107,0.147094,convex,convex,0.166667,0.333333,0.5
156,0.756897,0.0912522,0.148073,convex,convex,0.166667,0.366667,0.466667
157,0.762549,0.0878069,0.14885,concave,concave,0.166667,0.4,0.433333
158,0.769035,0.0842832,0.149773,convex,convex,0.166667,0.433333,0.4
159,0.774351,0.0818074,0.150514,concave,concave,0.166667,0.466667,0.366667
160,0.777445,0.080178,0.151042,convex,convex,0.166667,0.5,0.333333
161,0.783661,0.0776112,0.151922,convex,convex,0.166667,0.533333,0.3
162,0.788026,0.0760178,0.152437,convex,convex,0.166667,0.566667,0.266667
163,0.792495,0.0743816,0.153183,convex,convex,0.166667,0.6,0.233333
164,0.794131,0.073844,0.153465,convex,convex,0.166667,0.633333,0.2
165,0.79825,0.0726412,0.15395,concave,concave,0.166667,0.666667,0.166667
166,0.802944,0.0712768,0.154694,concave,concave,0.166667,0.7,0.133333
167,0.806616,0.0703615,0.155261,concave,concave,0.166667,0.733333,0.1
168,0.806811,0.0703157,0.155352,concave,concave,0.166667,0.766667,0.0666667
169,0.770999,0.0549206,0.549621,convex,convex,0.166667,0.8,0.0333333
170,0.792801,0.0494763,0.594736,convex,convex,0.166667,0.833333,0.0
171,0.501364,1.00462,0.127026,convex,convex,0.2,0.0,0.8
172,0.529004,0.836177,0.124989,convex,convex,0.2,0.0333333,0.766667
173,0.607575,0.391518,0.130007,convex,convex,0.2,0.0666667,0.733333
174,0.646999,0.255104,0.134281,convex,convex,0.2,0.1,0.7
175,0.667738,0.204341,0.136677,convex,convex,0.2,0.133333,0.666667
176,0.692864,0.157697,0.139764,convex,convex,0.2,0.166667,0.633333
177,0.7023,0.143817,0.140974,convex,convex,0.2,0.2,0.6
178,0.715787,0.126977,0.142618,concave,concave,0.2,0.233333,0.566667
179,0.724484,0.117157,0.1438,convex,convex,0.2,0.266667,0.533333
180,0.732666,0.109591,0.144832,convex,convex,0.2,0.3,0.5
181,0.739201,0.103841,0.14576,concave,concave,0.2,0.333333,0.466667
182,0.750899,0.0949876,0.147333,concave,concave,0.2,0.366667,0.433333
183,0.754892,0.0925243,0.147818,concave,concave,0.2,0.4,0.4
184,0.759816,0.0894151,0.148616,concave,concave,0.2,0.433333,0.366667
185,0.768821,0.0844104,0.149758,concave,concave,0.2,0.466667,0.333333
186,0.772607,0.0825594,0.15031,concave,concave,0.2,0.5,0.3
187,0.77361,0.082009,0.15048,concave,concave,0.2,0.533333,0.266667
188,0.781367,0.0785096,0.151641,convex,convex,0.2,0.566667,0.233333
189,0.785296,0.0770492,0.152098,concave,concave,0.2,0.6,0.2
190,0.792941,0.0743839,0.153384,concave,concave,0.2,0.633333,0.166667
191,0.791507,0.0748554,0.152989,concave,concave,0.2,0.666667,0.133333
192,0.797974,0.0727285,0.15398,concave,concave,0.2,0.7,0.1
193,0.800148,0.072134,0.154392,concave,concave,0.2,0.733333,0.0666667
194,0.758269,0.0587664,0.527589,convex,convex,0.2,0.766667,0.0333333
195,0.774515,0.0538124,0.559842,convex,convex,0.2,0.8,0.0
196,0.497159,1.02053,0.128145,convex,convex,0.233333,0.0,0.766667
197,0.517966,0.909205,0.12505,convex,convex,0.233333,0.0333333,0.733333
198,0.598202,0.432912,0.129088,convex,convex,0.233333,0.0666667,0.7
199,0.635796,0.288882,0.132993,convex,convex,0.233333,0.1,0.666667
200,0.664582,0.211192,0.136332,convex,convex,0.233333,0.133333,0.633333
201,0.684269,0.172491,0.138693,concave,concave,0.233333,0.166667,0.6
202,0.698949,0.148762,0.140467,convex,convex,0.233333,0.2,0.566667
203,0.707689,0.136672,0.141608,concave,concave,0.233333,0.233333,0.533333
204,0.714887,0.127882,0.14254,concave,concave,0.233333,0.266667,0.5
205,0.724831,0.11714,0.143778,concave,concave,0.233333,0.3,0.466667
206,0.731412,0.110652,0.144691,convex,convex,0.233333,0.333333,0.433333
207,0.744033,0.100173,0.146389,concave,concave,0.233333,0.366667,0.4
208,0.745929,0.0985925,0.146656,concave,concave,0.233333,0.4,0.366667
209,0.7572,0.0908467,0.148179,convex,convex,0.233333,0.433333,0.333333
210,0.758861,0.089814,0.148477,convex,convex,0.233333,0.466667,0.3
211,0.76858,0.084353,0.149791,convex,convex,0.233333,0.5,0.266667
212,0.769009,0.0841849,0.149916,concave,concave,0.233333,0.533333,0.233333
213,0.77551,0.0811343,0.150695,convex,convex,0.233333,0.566667,0.2
214,0.78094,0.078747,0.151551,concave,concave,0.233333,0.6,0.166667
215,0.78163,0.0784052,0.15167,convex,convex,0.233333,0.633333,0.133333
216,0.787369,0.0762305,0.152421,convex,convex,0.233333,0.666667,0.1
217,0.790371,0.075287,0.152768,concave,concave,0.233333,0.7,0.0666667
218,0.748488,0.0624186,0.510431,convex,convex,0.233333,0.733333,0.0333333
219,0.764137,0.0567962,0.54088,convex,convex,0.233333,0.766667,0.0
220,0.496752,1.02212,0.128288,convex,convex,0.266667,0.0,0.733333
221,0.507412,0.971645,0.126037,convex,convex,0.266667,0.0333333,0.7
222,0.591986,0.46127,0.128537,convex,convex,0.266667,0.0666667,0.666667
223,0.630839,0.30419,0.13249,convex,convex,0.266667,0.1,0.633333
224,0.653802,0.2375,0.135032,concave,concave,0.266667,0.133333,0.6
225,0.672946,0.193815,0.137253,convex,convex,0.266667,0.166667,0.566667
226,0.690477,0.161601,0.139469,convex,convex,0.266667,0.2,0.533333
227,0.702571,0.143681,0.140947,concave,concave,0.266667,0.233333,0.5
228,0.709087,0.134816,0.141777,convex,convex,0.266667,0.266667,0.466667
229,0.722015,0.119885,0.143496,concave,concave,0.266667,0.3,0.433333
230,0.729286,0.1127,0.144369,convex,convex,0.266667,0.333333,0.4
231,0.735802,0.10679,0.145317,concave,concave,0.266667,0.366667,0.366667
232,0.739944,0.103058,0.145849,convex,convex,0.266667,0.4,0.333333
233,0.745791,0.0987446,0.14668,concave,concave,0.266667,0.433333,0.3
234,0.754833,0.092291,0.147919,convex,convex,0.266667,0.466667,0.266667
235,0.758214,0.0903549,0.148293,concave,concave,0.266667,0.5,0.233333
236,0.764419,0.0868387,0.149257,concave,concave,0.266667,0.533333,0.2
237,0.770394,0.0835751,0.150149,concave,concave,0.266667,0.566667,0.166667
238,0.768431,0.0846296,0.149694,concave,concave,0.266667,0.6,0.133333
239,0.776915,0.0805409,0.151099,concave,concave,0.266667,0.633333,0.1
240,0.778876,0.0796302,0.15122,concave,concave,0.266667,0.666667,0.0666667
241,0.73931,0.0662056,0.494876,convex,convex,0.266667,0.7,0.0333333
242,0.751082,0.0613706,0.51712,convex,convex,0.266667,0.733333,0.0
243,0.494424,1.02897,0.129223,concave,concave,0.3,0.0,0.7
244,0.498696,1.01495,0.127724,convex,convex,0.3,0.0333333,0.666667
245,0.580581,0.518845,0.127567,convex,convex,0.3,0.0666667,0.633333
246,0.624493,0.326214,0.131753,convex,convex,0.3,0.1,0.6
247,0.647197,0.255064,0.134368,concave,concave,0.3,0.133333,0.566667
248,0.666151,0.207885,0.136557,concave,concave,0.3,0.166667,0.533333
249,0.684632,0.171752,0.138727,concave,concave,0.3,0.2,0.5
250,0.695887,0.153249,0.140097,convex,convex,0.3,0.233333,0.466667
251,0.706936,0.137623,0.141569,convex,convex,0.3,0.266667,0.433333
252,0.714955,0.127666,0.142548,convex,convex,0.3,0.3,0.4
253,0.7224,0.119847,0.143493,concave,concave,0.3,0.333333,0.366667
254,0.727593,0.114209,0.144236,concave,concave,0.3,0.366667,0.333333
255,0.739218,0.10379,0.145794,concave,concave,0.3,0.4,0.3
256,0.741364,0.102025,0.14606,concave,concave,0.3,0.433333,0.266667
257,0.750226,0.0956379,0.147203,concave,concave,0.3,0.466667,0.233333
258,0.751822,0.094332,0.147422,convex,convex,0.3,0.5,0.2
259,0.759525,0.0896274,0.148501,concave,concave,0.3,0.533333,0.166667
260,0.763546,0.0872413,0.149057,concave,concave,0.3,0.566667,0.133333
261,0.768334,0.0845767,0.149873,concave,concave,0.3,0.6,0.1
262,0.771971,0.0827627,0.150387,concave,concave,0.3,0.633333,0.0666667
263,0.725595,0.073019,0.471018,convex,convex,0.3,0.666667,0.0333333
264,0.740751,0.0655024,0.499693,convex,convex,0.3,0.7,0.0
265,0.493529,1.03071,0.129618,concave,concave,0.333333,0.0,0.666667
266,0.494472,1.02863,0.129192,convex,convex,0.333333,0.0333333,0.633333
267,0.571057,0.570245,0.126939,convex,convex,0.333333,0.0666667,0.6
268,0.61712,0.353514,0.131045,concave,concave,0.333333,0.1,0.566667
269,0.64234,0.268439,0.133765,convex,convex,0.333333,0.133333,0.533333
270,0.659665,0.222759,0.135794,convex,convex,0.333333,0.166667,0.5
271,0.674358,0.190842,0.137453,convex,convex,0.333333,0.2,0.466667
272,0.687539,0.16658,0.139175,concave,concave,0.333333,0.233333,0.433333
273,0.698137,0.149849,0.140393,convex,convex,0.333333,0.266667,0.4
274,0.708687,0.135576,0.141799,concave,concave,0.333333,0.3,0.366667
275,0.714489,0.128317,0.142546,concave,concave,0.333333,0.333333,0.333333
276,0.724706,0.117173,0.143826,concave,concave,0.333333,0.366667,0.3
277,0.733313,0.10887,0.144965,convex,convex,0.333333,0.4,0.266667
278,0.738386,0.104494,0.145625,concave,concave,0.333333,0.433333,0.233333
279,0.745872,0.0986036,0.146673,convex,convex,0.333333,0.466667,0.2
280,0.74859,0.0966839,0.147108,concave,concave,0.333333,0.5,0.166667
281,0.751267,0.094851,0.147354,concave,concave,0.333333,0.533333,0.133333
282,0.75554,0.091887,0.147994,concave,concave,0.333333,0.566667,0.1
283,0.70504,0.086309,0.436143,concave,concave,0.333333,0.6,0.0666667
284,0.715741,0.078933,0.455884,convex,convex,0.333333,0.633333,0.0333333
285,0.731619,0.0698995,0.482595,convex,convex,0.333333,0.666667,0.0
286,0.493634,1.03038,0.129565,concave,concave,0.366667,0.0,0.633333
287,0.493964,1.03,0.129435,concave,concave,0.366667,0.0333333,0.6
288,0.56205,0.622573,0.126273,convex,convex,0.366667,0.0666667,0.566667
289,0.607868,0.39055,0.130014,convex,convex,0.366667,0.1,0.533333
290,0.637994,0.281594,0.133273,convex,convex,0.366667,0.133333,0.5
291,0.652976,0.239585,0.134898,convex,convex,0.366667,0.166667,0.466667
292,0.670054,0.199477,0.136984,concave,concave,0.366667,0.2,0.433333
293,0.683337,0.173899,0.138593,concave,concave,0.366667,0.233333,0.4
294,0.693363,0.157115,0.139841,concave,concave,0.366667,0.266667,0.366667
295,0.703271,0.142629,0.141011,convex,convex,0.366667,0.3,0.333333
296,0.711255,0.13227,0.142129,concave,concave,0.366667,0.333333,0.3
297,0.722187,0.119666,0.143489,concave,concave,0.366667,0.366667,0.266667
298,0.726768,0.115302,0.144059,concave,concave,0.366667,0.4,0.233333
299,0.733807,0.108367,0.145114,convex,convex,0.366667,0.433333,0.2
300,0.735498,0.106965,0.14529,concave,concave,0.366667,0.466667,0.166667
301,0.742083,0.101405,0.146178,convex,convex,0.366667,0.5,0.133333
302,0.746443,0.0982939,0.146742,concave,concave,0.366667,0.533333,0.1
303,0.695739,0.0934192,0.421266,convex,convex,0.366667,0.566667,0.0666667
304,0.70553,0.0857371,0.437873,convex,convex,0.366667,0.6,0.0333333
305,0.723565,0.0742222,0.46903,convex,convex,0.366667,0.633333,0.0
306,0.491944,1.03259,0.130577,convex,convex,0.4,0.0,0.6
307,0.493396,1.03066,0.129667,convex,convex,0.4,0.0333333,0.566667
308,0.548253,0.708254,0.125498,convex,convex,0.4,0.0666667,0.533333
309,0.599836,0.424121,0.12943,convex,convex,0.4,0.1,0.5
310,0.62805,0.313663,0.132218,convex,convex,0.4,0.133333,0.466667
311,0.65066,0.245275,0.13468,convex,convex,0.4,0.166667,0.433333
312,0.665242,0.209933,0.136419,concave,concave,0.4,0.2,0.4
313,0.681375,0.177405,0.138348,concave,concave,0.4,0.233333,0.366667
314,0.686901,0.167378,0.139057,convex,convex,0.4,0.266667,0.333333
315,0.7011,0.145712,0.14073,convex,convex,0.4,0.3,0.3
316,0.705114,0.140053,0.141342,concave,concave,0.4,0.333333,0.266667
317,0.710632,0.132874,0.142083,concave,concave,0.4,0.366667,0.233333
318,0.721147,0.120696,0.143392,concave,concave,0.4,0.4,0.2
319,0.72337,0.118401,0.143664,concave,concave,0.4,0.433333,0.166667
320,0.735446,0.107097,0.145294,concave,concave,0.4,0.466667,0.133333
321,0.736902,0.105835,0.145545,concave,concave,0.4,0.5,0.1
322,0.689515,0.0989018,0.411669,convex,convex,0.4,0.533333,0.0666667
323,0.699594,0.0905919,0.427035,concave,concave,0.4,0.566667,0.0333333
324,0.710914,0.081999,0.447543,convex,convex,0.4,0.6,0.0
325,0.490414,1.03248,0.131588,convex,convex,0.433333,0.0,0.566667
326,0.490225,1.03254,0.131803,concave,concave,0.433333,0.0333333,0.533333
327,0.486808,0.996316,0.138454,convex,convex,0.433333,0.0666667,0.5
328,0.595655,0.443627,0.128945,convex,convex,0.433333,0.1,0.466667
329,0.620887,0.338616,0.131412,convex,convex,0.433333,0.133333,0.433333
330,0.642979,0.266599,0.133784,convex,convex,0.433333,0.166667,0.4
331,0.658654,0.225224,0.135656,convex,convex,0.433333,0.2,0.366667
332,0.672627,0.194285,0.137296,concave,concave,0.433333,0.233333,0.333333
333,0.6826,0.17487,0.138561,convex,convex,0.433333,0.266667,0.3
334,0.690512,0.161396,0.139517,convex,convex,0.433333,0.3,0.266667
335,0.700533,0.14632,0.14077,convex,convex,0.433333,0.333333,0.233333
336,0.709914,0.133773,0.141914,convex,convex,0.433333,0.366667,0.2
337,0.718255,0.124078,0.143005,concave,concave,0.433333,0.4,0.166667
338,0.72153,0.120244,0.143431,convex,convex,0.433333,0.433333,0.133333
339,0.728984,0.112896,0.144394,convex,convex,0.433333,0.466667,0.1
340,0.677884,0.110214,0.393688,convex,convex,0.433333,0.5,0.0666667
341,0.688022,0.100131,0.41043,convex,convex,0.433333,0.533333,0.0333333
342,0.702971,0.0879584,0.435336,concave,concave,0.433333,0.566667,0.0
343,0.490327,1.03291,0.131675,concave,concave,0.466667,0.0,0.533333
344,0.488544,1.02766,0.133489,concave,concave,0.466667,0.0333333,0.5
345,0.486868,0.971855,0.14161,convex,convex,0.466667,0.0666667,0.466667
346,0.58669,0.487022,0.128232,convex,convex,0.466667,0.1,0.433333
347,0.619744,0.342887,0.131374,convex,convex,0.466667,0.133333,0.4
348,0.640524,0.274052,0.133544,concave,concave,0.466667,0.166667,0.366667
349,0.654722,0.234761,0.135181,convex,convex,0.466667,0.2,0.333333
350,0.666975,0.205937,0.136612,convex,convex,0.466667,0.233333,0.3
351,0.680302,0.179232,0.138221,concave,concave,0.466667,0.266667,0.266667
352,0.685112,0.170814,0.138901,concave,concave,0.466667,0.3,0.233333
353,0.696832,0.151899,0.140285,concave,concave,0.466667,0.333333,0.2
354,0.704747,0.140542,0.141261,convex,convex,0.466667,0.366667,0.166667
355,0.712599,0.130671,0.142244,concave,concave,0.466667,0.4,0.133333
356,0.654936,0.138495,0.359378,concave,concave,0.466667,0.433333,0.1
357,0.664908,0.125452,0.373295,concave,concave,0.466667,0.466667,0.0666667
358,0.677861,0.110204,0.393924,convex,convex,0.466667,0.5,0.0333333
359,0.693128,0.0956669,0.418535,convex,convex,0.466667,0.533333,0.0
360,0.488831,1.02932,0.133125,concave,concave,0.5,0.0,0.5
361,0.488142,1.02584,0.133939,convex,convex,0.5,0.0333333,0.466667
362,0.487118,0.966588,0.142233,concave,concave,0.5,0.0666667,0.433333
363,0.583244,0.504317,0.127963,convex,convex,0.5,0.1,0.4
364,0.611284,0.375878,0.130476,convex,convex,0.5,0.133333,0.366667
365,0.632779,0.297654,0.132809,convex,convex,0.5,0.166667,0.333333
366,0.652784,0.2399,0.134971,concave,concave,0.5,0.2,0.3
367,0.663456,0.213689,0.136224,convex,convex,0.5,0.233333,0.266667
368,0.67203,0.195304,0.137239,convex,convex,0.5,0.266667,0.233333
369,0.684067,0.172289,0.138755,convex,convex,0.5,0.3,0.2
370,0.692586,0.158581,0.139717,concave,concave,0.5,0.333333,0.166667
371,0.701377,0.145147,0.140968,concave,concave,0.5,0.366667,0.133333
372,0.643345,0.156128,0.342579,convex,convex,0.5,0.4,0.1
373,0.656088,0.136762,0.36127,convex,convex,0.5,0.433333,0.0666667
374,0.668174,0.120993,0.379015,convex,convex,0.5,0.466667,0.0333333
375,0.682806,0.105209,0.402117,convex,convex,0.5,0.5,0.0
376,0.488641,1.02884,0.133234,convex,convex,0.533333,0.0,0.466667
377,0.487645,1.02192,0.134675,convex,convex,0.533333,0.0333333,0.433333
378,0.487629,0.945903,0.144741,convex,convex,0.533333,0.0666667,0.4
379,0.499675,0.77735,0.164818,convex,convex,0.533333,0.1,0.366667
380,0.604487,0.403565,0.129856,convex,convex,0.533333,0.133333,0.333333
381,0.629447,0.308742,0.13242,convex,convex,0.533333,0.166667,0.3
382,0.645032,0.260668,0.134163,concave,concave,0.533333,0.2,0.266667
383,0.65514,0.233845,0.13517,convex,convex,0.533333,0.233333,0.233333
384,0.670312,0.198998,0.137105,concave,concave,0.533333,0.266667,0.2
385,0.677534,0.184494,0.137931,concave,concave,0.533333,0.3,0.166667
386,0.622495,0.195411,0.313185,convex,convex,0.533333,0.333333,0.133333
387,0.634744,0.171088,0.330172,convex,convex,0.533333,0.366667,0.1
388,0.643552,0.155871,0.342813,concave,concave,0.533333,0.4,0.0666667
389,0.658472,0.133662,0.364042,convex,convex,0.533333,0.433333,0.0333333
390,0.669496,0.119442,0.381431,convex,convex,0.533333,0.466667,0.0
391,0.488485,1.02838,0.133533,concave,concave,0.566667,0.0,0.433333
392,0.48698,1.01495,0.136206,convex,convex,0.566667,0.0333333,0.4
393,0.487714,0.942609,0.14522,concave,concave,0.566667,0.0666667,0.366667
394,0.500044,0.77387,0.165154,convex,convex,0.566667,0.1,0.333333
395,0.521181,0.60124,0.19048,concave,concave,0.566667,0.133333,0.3
396,0.543655,0.466833,0.215747,concave,concave,0.566667,0.166667,0.266667
397,0.641496,0.271023,0.133755,concave,concave,0.566667,0.2,0.233333
398,0.654461,0.235661,0.135166,concave,concave,0.566667,0.233333,0.2
399,0.594502,0.265288,0.276776,convex,convex,0.566667,0.266667,0.166667
400,0.610752,0.221641,0.297926,convex,convex,0.566667,0.3,0.133333
401,0.624763,0.190455,0.31658,convex,convex,0.566667,0.333333,0.1
402,0.637904,0.165327,0.334927,convex,convex,0.566667,0.366667,0.0666667
403,0.651999,0.142728,0.355043,convex,convex,0.566667,0.4,0.0333333
404,0.661452,0.129636,0.369124,convex,convex,0.566667,0.433333,0.0
405,0.487521,1.02158,0.134985,concave,concave,0.6,0.0,0.4
406,0.486949,1.00989,0.136697,convex,convex,0.6,0.0333333,0.366667
407,0.4876,0.942591,0.145274,convex,convex,0.6,0.0666667,0.333333
408,0.502525,0.749064,0.168463,convex,convex,0.6,0.1,0.3
409,0.521514,0.598549,0.190522,concave,concave,0.6,0.133333,0.266667
410,0.540871,0.481324,0.212515,convex,convex,0.6,0.166667,0.233333
411,0.562179,0.380065,0.237219,concave,concave,0.6,0.2,0.2
412,0.580869,0.308811,0.259839,concave,concave,0.6,0.233333,0.166667
413,0.597615,0.256246,0.280838,convex,convex,0.6,0.266667,0.133333
414,0.612494,0.217584,0.300171,convex,convex,0.6,0.3,0.1
415,0.622933,0.194463,0.314167,concave,concave,0.6,0.333333,0.0666667
416,0.635763,0.169366,0.331694,concave,concave,0.6,0.366667,0.0333333
417,0.655811,0.137185,0.360604,convex,convex,0.6,0.4,0.0
418,0.487698,1.02285,0.134639,concave,concave,0.633333,0.0,0.366667
419,0.486767,1.00672,0.1373,concave,concave,0.633333,0.0333333,0.333333
420,0.488566,0.92391,0.147363,convex,convex,0.633333,0.0666667,0.3
421,0.500345,0.770754,0.16552,convex,convex,0.633333,0.1,0.266667
422,0.520353,0.605616,0.189398,convex,convex,0.633333,0.133333,0.233333
423,0.544086,0.463769,0.216454,convex,convex,0.633333,0.166667,0.2
424,0.561814,0.380972,0.237051,convex,convex,0.633333,0.2,0.166667
425,0.577793,0.319176,0.256111,convex,convex,0.633333,0.233333,0.133333
426,0.596083,0.260577,0.278783,convex,convex,0.633333,0.266667,0.1
427,0.611498,0.219949,0.298899,concave,concave,0.633333,0.3,0.0666667
428,0.625691,0.188691,0.317919,concave,concave,0.633333,0.333333,0.0333333
429,0.642388,0.157845,0.341187,concave,concave,0.633333,0.366667,0.0
430,0.487702,1.02367,0.134674,concave,concave,0.666667,0.0,0.333333
431,0.486497,0.988536,0.139836,concave,concave,0.666667,0.0333333,0.3
432,0.488632,0.925569,0.147189,concave,concave,0.666667,0.0666667,0.266667
433,0.502761,0.748684,0.168423,concave,concave,0.666667,0.1,0.233333
434,0.518542,0.620623,0.18703,concave,concave,0.666667,0.133333,0.2
435,0.54229,0.473077,0.214407,convex,convex,0.666667,0.166667,0.166667
436,0.565108,0.367637,0.240844,concave,concave,0.666667,0.2,0.133333
437,0.582265,0.303839,0.261493,convex,convex,0.666667,0.233333,0.1
438,0.59882,0.253351,0.282326,concave,concave,0.666667,0.266667,0.0666667
439,0.613276,0.215998,0.301041,concave,concave,0.666667,0.3,0.0333333
440,0.625521,0.188811,0.317856,convex,convex,0.666667,0.333333,0.0
441,0.487702,1.02234,0.134855,concave,concave,0.7,0.0,0.3
442,0.486485,0.985671,0.140256,concave,concave,0.7,0.0333333,0.266667
443,0.490038,0.896317,0.150638,convex,convex,0.7,0.0666667,0.233333
444,0.501994,0.75423,0.167711,convex,convex,0.7,0.1,0.2
445,0.522592,0.590377,0.192036,convex,convex,0.7,0.133333,0.166667
446,0.543507,0.467395,0.2156,concave,concave,0.7,0.166667,0.133333
447,0.567523,0.357457,0.243727,convex,convex,0.7,0.2,0.1
448,0.585573,0.294231,0.265269,concave,concave,0.7,0.233333,0.0666667
449,0.599044,0.252683,0.282629,concave,concave,0.7,0.266667,0.0333333
450,0.616703,0.208082,0.305759,convex,convex,0.7,0.3,0.0
451,0.487572,1.02221,0.135006,concave,concave,0.733333,0.0,0.266667
452,0.486628,0.984484,0.140135,convex,convex,0.733333,0.0333333,0.233333
453,0.48984,0.901623,0.150203,concave,concave,0.733333,0.0666667,0.2
454,0.505007,0.727773,0.171471,concave,concave,0.733333,0.1,0.166667
455,0.520337,0.605856,0.189508,concave,concave,0.733333,0.133333,0.133333
456,0.542552,0.473507,0.214681,concave,concave,0.733333,0.166667,0.1
457,0.56732,0.358679,0.243386,concave,concave,0.733333,0.2,0.0666667
458,0.585454,0.293504,0.265462,convex,convex,0.733333,0.233333,0.0333333
459,0.599551,0.250831,0.283352,convex,convex,0.733333,0.266667,0.0
460,0.487235,1.01836,0.135625,concave,concave,0.766667,0.0,0.233333
461,0.48656,0.985735,0.140524,concave,concave,0.766667,0.0333333,0.2
462,0.490591,0.888545,0.151497,concave,concave,0.766667,0.0666667,0.166667
463,0.503455,0.741446,0.16955,concave,concave,0.766667,0.1,0.133333
464,0.524337,0.57939,0.193901,concave,concave,0.766667,0.133333,0.1
465,0.548732,0.440683,0.221879,convex,convex,0.766667,0.166667,0.0666667
466,0.568865,0.352362,0.245351,convex,convex,0.766667,0.2,0.0333333
467,0.583011,0.301253,0.262561,convex,convex,0.766667,0.233333,0.0
468,0.48696,1.0104,0.137019,concave,concave,0.8,0.0,0.2
469,0.486551,0.977828,0.141212,convex,convex,0.8,0.0333333,0.166667
470,0.490283,0.893165,0.151067,concave,concave,0.8,0.0666667,0.133333
471,0.502474,0.749907,0.168385,concave,concave,0.8,0.1,0.1
472,0.526346,0.567144,0.196133,concave,concave,0.8,0.133333,0.0666667
473,0.548033,0.444344,0.220982,concave,concave,0.8,0.166667,0.0333333
474,0.566624,0.361376,0.24279,concave,concave,0.8,0.2,0.0
475,0.486613,1.00345,0.138053,concave,concave,0.833333,0.0,0.166667
476,0.486756,0.970618,0.141959,convex,convex,0.833333,0.0333333,0.133333
477,0.490636,0.887522,0.151826,concave,concave,0.833333,0.0666667,0.1
478,0.505567,0.721617,0.172242,convex,convex,0.833333,0.1,0.0666667
479,0.528553,0.551651,0.198903,convex,convex,0.833333,0.133333,0.0333333
480,0.549776,0.436006,0.222955,convex,convex,0.833333,0.166667,0.0
481,0.486473,0.999582,0.138529,convex,convex,0.866667,0.0,0.133333
482,0.486856,0.967937,0.142479,concave,concave,0.866667,0.0333333,0.1
483,0.49149,0.8759,0.153217,concave,concave,0.866667,0.0666667,0.0666667
484,0.504808,0.728488,0.17116,convex,convex,0.866667,0.1,0.0333333
485,0.525438,0.571845,0.195175,convex,convex,0.866667,0.133333,0.0
486,0.486481,0.999361,0.1384,convex,convex,0.9,0.0,0.1
487,0.487232,0.962297,0.143492,concave,concave,0.9,0.0333333,0.0666667
488,0.49114,0.879481,0.152553,convex,convex,0.9,0.0666667,0.0333333
489,0.504594,0.730112,0.171105,convex,convex,0.9,0.1,0.0
490,0.486489,1.00059,0.138324,convex,convex,0.933333,0.0,0.0666667
491,0.48736,0.952354,0.144465,concave,concave,0.933333,0.0333333,0.0333333
492,0.490913,0.882371,0.152284,convex,convex,0.933333,0.0666667,0.0
493,0.48654,1.00094,0.138324,concave,concave,0.966667,0.0,0.0333333
494,0.487053,0.958708,0.143619,convex,convex,0.966667,0.0333333,0.0
495,0.486425,0.988368,0.139921,convex,convex,1.0,0.0,0.0
