ID,Weights
0,0;0;1
1,0;0.0333333;0.966667
2,0;0.0666667;0.933333
3,0;0.1;0.9
4,0;0.133333;0.866667
5,0;0.166667;0.833333
6,0;0.2;0.8
7,0;0.233333;0.766667
8,0;0.266667;0.733333
9,0;0.3;0.7
10,0;0.333333;0.666667
11,0;0.366667;0.633333
12,0;0.4;0.6
13,0;0.433333;0.566667
14,0;0.466667;0.533333
15,0;0.5;0.5
16,0;0.533333;0.466667
17,0;0.566667;0.433333
18,0;0.6;0.4
19,0;0.633333;0.366667
20,0;0.666667;0.333333
21,0;0.7;0.3
22,0;0.733333;0.266667
23,0;0.766667;0.233333
24,0;0.8;0.2
25,0;0.833333;0.166667
26,0;0.866667;0.133333
27,0;0.9;0.1
28,0;0.933333;0.0666667
29,0;0.966667;0.0333333
30,0;1;0
31,0.0333333;0;0.966667
32,0.0333333;0.0333333;0.933333
33,0.0333333;0.0666667;0.9
34,0.0333333;0.1;0.866667
35,0.0333333;0.133333;0.833333
36,0.0333333;0.166667;0.8
37,0.0333333;0.2;0.766667
38,0.0333333;0.233333;0.733333
39,0.0333333;0.266667;0.7
40,0.0333333;0.3;0.666667
41,0.0333333;0.333333;0.633333
42,0.0333333;0.366667;0.6
43,0.0333333;0.4;0.566667
44,0.0333333;0.433333;0.533333
45,0.0333333;0.466667;0.5
46,0.0333333;0.5;0.466667
47,0.0333333;0.533333;0.433333
48,0.0333333;0.566667;0.4
49,0.0333333;0.6;0.366667
50,0.0333333;0.633333;0.333333
51,0.0333333;0.666667;0.3
52,0.0333333;0.7;0.266667
53,0.0333333;0.733333;0.233333
54,0.0333333;0.766667;0.2
55,0.0333333;0.8;0.166667
56,0.0333333;0.833333;0.133333
57,0.0333333;0.866667;0.1
58,0.0333333;0.9;0.0666667
59,0.0333333;0.933333;0.0333333
60,0.0333333;0.966667;0
61,0.0666667;0;0.933333
62,0.0666667;0.0333333;0.9
63,0.0666667;0.0666667;0.866667
64,0.0666667;0.1;0.833333
65,0.0666667;0.133333;0.8
66,0.0666667;0.166667;0.766667
67,0.0666667;0.2;0.733333
68,0.0666667;0.233333;0.7
69,0.0666667;0.266667;0.666667
70,0.0666667;0.3;0.633333
71,0.0666667;0.333333;0.6
72,0.0666667;0.366667;0.566667
73,0.0666667;0.4;0.533333
74,0.0666667;0.433333;0.5
75,0.0666667;0.466667;0.466667
76,0.0666667;0.5;0.433333
77,0.0666667;0.533333;0.4
78,0.0666667;0.566667;0.366667
79,0.0666667;0.6;0.333333
80,0.0666667;0.633333;0.3
81,0.0666667;0.666667;0.266667
82,0.0666667;0.7;0.233333
83,0.0666667;0.733333;0.2
84,0.0666667;0.766667;0.166667
85,0.0666667;0.8;0.133333
86,0.0666667;0.833333;0.1
87,0.0666667;0.866667;0.0666667
88,0.0666667;0.9;0.0333333
89,0.0666667;0.933333;0
90,0.1;0;0.9
91,0.1;0.0333333;0.866667
92,0.1;0.0666667;0.833333
93,0.1;0.1;0.8
94,0.1;0.133333;0.766667
95,0.1;0.166667;0.733333
96,0.1;0.2;0.7
97,0.1;0.233333;0.666667
98,0.1;0.266667;0.633333
99,0.1;0.3;0.6
100,0.1;0.333333;0.566667
101,0.1;0.366667;0.533333
102,0.1;0.4;0.5
103,0.1;0.433333;0.466667
104,0.1;0.466667;0.433333
105,0.1;0.5;0.4
106,0.1;0.533333;0.366667
107,0.1;0.566667;0.333333
108,0.1;0.6;0.3
109,0.1;0.633333;0.266667
110,0.1;0.666667;0.233333
111,0.1;0.7;0.2
112,0.1;0.733333;0.166667
113,0.1;0.766667;0.133333
114,0.1;0.8;0.1
115,0.1;0.833333;0.0666667
116,0.1;0.866667;0.0333333
117,0.1;0.9;0
118,0.133333;0;0.866667
119,0.133333;0.0333333;0.833333
120,0.133333;0.0666667;0.8
121,0.133333;0.1;0.766667
122,0.133333;0.133333;0.733333
123,0.133333;0.166667;0.7
124,0.133333;0.2;0.666667
125,0.133333;0.233333;0.633333
126,0.133333;0.266667;0.6
127,0.133333;0.3;0.566667
128,0.133333;0.333333;0.533333
129,0.133333;0.366667;0.5
130,0.133333;0.4;0.466667
131,0.133333;0.433333;0.433333
132,0.133333;0.466667;0.4
133,0.133333;0.5;0.366667
134,0.133333;0.533333;0.333333
135,0.133333;0.566667;0.3
136,0.133333;0.6;0.266667
137,0.133333;0.633333;0.233333
138,0.133333;0.666667;0.2
139,0.133333;0.7;0.166667
140,0.133333;0.733333;0.133333
141,0.133333;0.766667;0.1
142,0.133333;0.8;0.0666667
143,0.133333;0.833333;0.0333333
144,0.133333;0.866667;0
145,0.166667;0;0.833333
146,0.166667;0.0333333;0.8
147,0.166667;0.0666667;0.766667
148,0.166667;0.1;0.733333
149,0.166667;0.133333;0.7
150,0.166667;0.166667;0.666667
151,0.166667;0.2;0.633333
152,0.166667;0.233333;0.6
153,0.166667;0.266667;0.566667
154,0.166667;0.3;0.533333
155,0.166667;0.333333;0.5
156,0.166667;0.366667;0.466667
157,0.166667;0.4;0.433333
158,0.166667;0.433333;0.4
159,0.166667;0.466667;0.366667
160,0.166667;0.5;0.333333
161,0.166667;0.533333;0.3
162,0.166667;0.566667;0.266667
163,0.166667;0.6;0.233333
164,0.166667;0.633333;0.2
165,0.166667;0.666667;0.166667
166,0.166667;0.7;0.133333
167,0.166667;0.733333;0.1
168,0.166667;0.766667;0.0666667
169,0.166667;0.8;0.0333333
170,0.166667;0.833333;0
171,0.2;0;0.8
172,0.2;0.0333333;0.766667
173,0.2;0.0666667;0.733333
174,0.2;0.1;0.7
175,0.2;0.133333;0.666667
176,0.2;0.166667;0.633333
177,0.2;0.2;0.6
178,0.2;0.233333;0.566667
179,0.2;0.266667;0.533333
180,0.2;0.3;0.5
181,0.2;0.333333;0.466667
182,0.2;0.366667;0.433333
183,0.2;0.4;0.4
184,0.2;0.433333;0.366667
185,0.2;0.466667;0.333333
186,0.2;0.5;0.3
187,0.2;0.533333;0.266667
188,0.2;0.566667;0.233333
189,0.2;0.6;0.2
190,0.2;0.633333;0.166667
191,0.2;0.666667;0.133333
192,0.2;0.7;0.1
193,0.2;0.733333;0.0666667
194,0.2;0.766667;0.0333333
195,0.2;0.8;0
196,0.233333;0;0.766667
197,0.233333;0.0333333;0.733333
198,0.233333;0.0666667;0.7
199,0.233333;0.1;0.666667
200,0.233333;0.133333;0.633333
201,0.233333;0.166667;0.6
202,0.233333;0.2;0.566667
203,0.233333;0.233333;0.533333
204,0.233333;0.266667;0.5
205,0.233333;0.3;0.466667
206,0.233333;0.333333;0.433333
207,0.233333;0.366667;0.4
208,0.233333;0.4;0.366667
209,0.233333;0.433333;0.333333
210,0.233333;0.466667;0.3
211,0.233333;0.5;0.266667
212,0.233333;0.533333;0.233333
213,0.233333;0.566667;0.2
214,0.233333;0.6;0.166667
215,0.233333;0.633333;0.133333
216,0.233333;0.666667;0.1
217,0.233333;0.7;0.0666667
218,0.233333;0.733333;0.0333333
219,0.233333;0.766667;0
220,0.266667;0;0.733333
221,0.266667;0.0333333;0.7
222,0.266667;0.0666667;0.666667
223,0.266667;0.1;0.633333
224,0.266667;0.133333;0.6
225,0.266667;0.166667;0.566667
226,0.266667;0.2;0.533333
227,0.266667;0.233333;0.5
228,0.266667;0.266667;0.466667
229,0.266667;0.3;0.433333
230,0.266667;0.333333;0.4
231,0.266667;0.366667;0.366667
232,0.266667;0.4;0.333333
233,0.266667;0.433333;0.3
234,0.266667;0.466667;0.266667
235,0.266667;0.5;0.233333
236,0.266667;0.533333;0.2
237,0.266667;0.566667;0.166667
238,0.266667;0.6;0.133333
239,0.266667;0.633333;0.1
240,0.266667;0.666667;0.0666667
241,0.266667;0.7;0.0333333
242,0.266667;0.733333;0
243,0.3;0;0.7
244,0.3;0.0333333;0.666667
245,0.3;0.0666667;0.633333
246,0.3;0.1;0.6
247,0.3;0.133333;0.566667
248,0.3;0.166667;0.533333
249,0.3;0.2;0.5
250,0.3;0.233333;0.466667
251,0.3;0.266667;0.433333
252,0.3;0.3;0.4
253,0.3;0.333333;0.366667
254,0.3;0.366667;0.333333
255,0.3;0.4;0.3
256,0.3;0.433333;0.266667
257,0.3;0.466667;0.233333
258,0.3;0.5;0.2
259,0.3;0.533333;0.166667
260,0.3;0.566667;0.133333
261,0.3;0.6;0.1
262,0.3;0.633333;0.0666667
263,0.3;0.666667;0.0333333
264,0.3;0.7;0
265,0.333333;0;0.666667
266,0.333333;0.0333333;0.633333
267,0.333333;0.0666667;0.6
268,0.333333;0.1;0.566667
269,0.333333;0.133333;0.533333
270,0.333333;0.166667;0.5
271,0.333333;0.2;0.466667
272,0.333333;0.233333;0.433333
273,0.333333;0.266667;0.4
274,0.333333;0.3;0.366667
275,0.333333;0.333333;0.333333
276,0.333333;0.366667;0.3
277,0.333333;0.4;0.266667
278,0.333333;0.433333;0.233333
279,0.333333;0.466667;0.2
280,0.333333;0.5;0.166667
281,0.333333;0.533333;0.133333
282,0.333333;0.566667;0.1
283,0.333333;0.6;0.0666667
284,0.333333;0.633333;0.0333333
285,0.333333;0.666667;0
286,0.366667;0;0.633333
287,0.366667;0.0333333;0.6
288,0.366667;0.0666667;0.566667
289,0.366667;0.1;0.533333
290,0.366667;0.133333;0.5
291,0.366667;0.166667;0.466667
292,0.366667;0.2;0.433333
293,0.366667;0.233333;0.4
294,0.366667;0.266667;0.366667
295,0.366667;0.3;0.333333
296,0.366667;0.333333;0.3
297,0.366667;0.366667;0.266667
298,0.366667;0.4;0.233333
299,0.366667;0.433333;0.2
300,0.366667;0.466667;0.166667
301,0.366667;0.5;0.133333
302,0.366667;0.533333;0.1
303,0.366667;0.566667;0.0666667
304,0.366667;0.6;0.0333333
305,0.366667;0.633333;0
306,0.4;0;0.6
307,0.4;0.0333333;0.566667
308,0.4;0.0666667;0.533333
309,0.4;0.1;0.5
310,0.4;0.133333;0.466667
311,0.4;0.166667;0.433333
312,0.4;0.2;0.4
313,0.4;0.233333;0.366667
314,0.4;0.266667;0.333333
315,0.4;0.3;0.3
316,0.4;0.333333;0.266667
317,0.4;0.366667;0.233333
318,0.4;0.4;0.2
319,0.4;0.433333;0.166667
320,0.4;0.466667;0.133333
321,0.4;0.5;0.1
322,0.4;0.533333;0.0666667
323,0.4;0.566667;0.0333333
324,0.4;0.6;0
325,0.433333;0;0.566667
326,0.433333;0.0333333;0.533333
327,0.433333;0.0666667;0.5
328,0.433333;0.1;0.466667
329,0.433333;0.133333;0.433333
330,0.433333;0.166667;0.4
331,0.433333;0.2;0.366667
332,0.433333;0.233333;0.333333
333,0.433333;0.266667;0.3
334,0.433333;0.3;0.266667
335,0.433333;0.333333;0.233333
336,0.433333;0.366667;0.2
337,0.433333;0.4;0.166667
338,0.433333;0.433333;0.133333
339,0.433333;0.466667;0.1
340,0.433333;0.5;0.0666667
341,0.433333;0.533333;0.0333333
342,0.433333;0.566667;0
343,0.466667;0;0.533333
344,0.466667;0.0333333;0.5
345,0.466667;0.0666667;0.466667
346,0.466667;0.1;0.433333
347,0.466667;0.133333;0.4
348,0.466667;0.166667;0.366667
349,0.466667;0.2;0.333333
350,0.466667;0.233333;0.3
351,0.466667;0.266667;0.266667
352,0.466667;0.3;0.233333
353,0.466667;0.333333;0.2
354,0.466667;0.366667;0.166667
355,0.466667;0.4;0.133333
356,0.466667;0.433333;0.1
357,0.466667;0.466667;0.0666667
358,0.466667;0.5;0.0333333
359,0.466667;0.533333;0
360,0.5;0;0.5
361,0.5;0.0333333;0.466667
362,0.5;0.0666667;0.433333
363,0.5;0.1;0.4
364,0.5;0.133333;0.366667
365,0.5;0.166667;0.333333
366,0.5;0.2;0.3
367,0.5;0.233333;0.266667
368,0.5;0.266667;0.233333
369,0.5;0.3;0.2
370,0.5;0.333333;0.166667
371,0.5;0.366667;0.133333
372,0.5;0.4;0.1
373,0.5;0.433333;0.0666667
374,0.5;0.466667;0.0333333
375,0.5;0.5;0
376,0.533333;0;0.466667
377,0.533333;0.0333333;0.433333
378,0.533333;0.0666667;0.4
379,0.533333;0.1;0.366667
380,0.533333;0.133333;0.333333
381,0.533333;0.166667;0.3
382,0.533333;0.2;0.266667
383,0.533333;0.233333;0.233333
384,0.533333;0.266667;0.2
385,0.533333;0.3;0.166667
386,0.533333;0.333333;0.133333
387,0.533333;0.366667;0.1
388,0.533333;0.4;0.0666667
389,0.533333;0.433333;0.0333333
390,0.533333;0.466667;0
391,0.566667;0;0.433333
392,0.566667;0.0333333;0.4
393,0.566667;0.0666667;0.366667
394,0.566667;0.1;0.333333
395,0.566667;0.133333;0.3
396,0.566667;0.166667;0.266667
397,0.566667;0.2;0.233333
398,0.566667;0.233333;0.2
399,0.566667;0.266667;0.166667
400,0.566667;0.3;0.133333
401,0.566667;0.333333;0.1
402,0.566667;0.366667;0.0666667
403,0.566667;0.4;0.0333333
404,0.566667;0.433333;0
405,0.6;0;0.4
406,0.6;0.0333333;0.366667
407,0.6;0.0666667;0.333333
408,0.6;0.1;0.3
409,0.6;0.133333;0.266667
410,0.6;0.166667;0.233333
411,0.6;0.2;0.2
412,0.6;0.233333;0.166667
413,0.6;0.266667;0.133333
414,0.6;0.3;0.1
415,0.6;0.333333;0.0666667
416,0.6;0.366667;0.0333333
417,0.6;0.4;0
418,0.633333;0;0.366667
419,0.633333;0.0333333;0.333333
420,0.633333;0.0666667;0.3
421,0.633333;0.1;0.266667
422,0.633333;0.133333;0.233333
423,0.633333;0.166667;0.2
424,0.633333;0.2;0.166667
425,0.633333;0.233333;0.133333
426,0.633333;0.266667;0.1
427,0.633333;0.3;0.0666667
428,0.633333;0.333333;0.0333333
429,0.633333;0.366667;0
430,0.666667;0;0.333333
431,0.666667;0.0333333;0.3
432,0.666667;0.0666667;0.266667
433,0.666667;0.1;0.233333
434,0.666667;0.133333;0.2
435,0.666667;0.166667;0.166667
436,0.666667;0.2;0.133333
437,0.666667;0.233333;0.1
438,0.666667;0.266667;0.0666667
439,0.666667;0.3;0.0333333
440,0.666667;0.333333;0
441,0.7;0;0.3
442,0.7;0.0333333;0.266667
443,0.7;0.0666667;0.233333
444,0.7;0.1;0.2
445,0.7;0.133333;0.166667
446,0.7;0.166667;0.133333
447,0.7;0.2;0.1
448,0.7;0.233333;0.0666667
449,0.7;0.266667;0.0333333
450,0.7;0.3;0
451,0.733333;0;0.266667
452,0.733333;0.0333333;0.233333
453,0.733333;0.0666667;0.2
454,0.733333;0.1;0.166667
455,0.733333;0.133333;0.133333
456,0.733333;0.166667;0.1
457,0.733333;0.2;0.0666667
458,0.733333;0.233333;0.0333333
459,0.733333;0.266667;0
460,0.766667;0;0.233333
461,0.766667;0.0333333;0.2
462,0.766667;0.0666667;0.166667
463,0.766667;0.1;0.133333
464,0.766667;0.133333;0.1
465,0.766667;0.166667;0.0666667
466,0.766667;0.2;0.0333333
467,0.766667;0.233333;0
468,0.8;0;0.2
469,0.8;0.0333333;0.166667
470,0.8;0.0666667;0.133333
471,0.8;0.1;0.1
472,0.8;0.133333;0.0666667
473,0.8;0.166667;0.0333333
474,0.8;0.2;0
475,0.833333;0;0.166667
476,0.833333;0.0333333;0.133333
477,0.833333;0.0666667;0.1
478,0.833333;0.1;0.0666667
479,0.833333;0.133333;0.0333333
480,0.833333;0.166667;0
481,0.866667;0;0.133333
482,0.866667;0.0333333;0.1
483,0.866667;0.0666667;0.0666667
484,0.866667;0.1;0.0333333
485,0.866667;0.133333;0
486,0.9;0;0.1
487,0.9;0.0333333;0.0666667
488,0.9;0.0666667;0.0333333
489,0.9;0.1;0
490,0.933333;0;0.0666667
491,0.933333;0.0333333;0.0333333
492,0.933333;0.0666667;0
493,0.966667;0;0.0333333
494,0.966667;0.0333333;0
495,1;0;0
