Length, Risk, TravelTime, Paths.x, Paths.y , Fitness, Weights 
1.30278,2.01973,1.0321,"21.0395;21.1436;21.0727;19.2816;17.7404;16.0796;14.1858;12.6479;11.8565;10.627;9.19544;7.80966;6.12297;4.35226;2.43064;1.23359;1.007;1","14.9708;13.6349;12.9062;12.3644;11.759;11.2887;10.7219;10.1594;10.0525;9.91083;10.2206;10.3471;10.7955;10.9552;11.2014;11.4799;13.3209;15",1.04379
"0;0;1"
1.33582,0.0220793,1.03524,"21.0395;21.1436;21.0727;20.5153;19.0296;18.0054;16.3056;15.1786;13.9626;12.975;11.2966;10.2295;8.93796;7.72615;5.96887;5.08874;4.00362;2.97762;1.23359;1.007;1","14.9708;13.6349;12.9062;12.6689;11.9856;11.4811;10.5793;10.0497;9.50342;9.26368;8.99266;8.9734;8.89797;9.08826;9.72797;10.0206;10.4705;10.8664;11.4799;13.3209;15",0.94224
"0;0.1;0.9"
1.34574,0.0182515,1.03619,"21.0395;21.1436;21.0727;20.5153;19.0296;18.0054;16.3056;14.9628;13.289;11.5191;10.0384;9.0798;7.26654;5.42137;4.72495;2.97762;1.23359;1.007;1","14.9708;13.6349;12.9062;12.6689;11.9856;11.4811;10.5793;10.111;9.45423;8.65926;8.53421;8.74681;8.98431;9.63727;9.9228;10.8664;11.4799;13.3209;15",0.838302
"0;0.2;0.8"
1.3638,0.0120298,1.03791,"21.0395;21.1436;21.0727;20.195;18.5841;16.9241;16.1358;14.5512;13.3444;11.5385;10.2363;9.85359;8.33485;7.2256;6.03887;4.71155;3.72848;1.97427;1.23359;1.007;1","14.9708;13.6349;12.9062;12.4187;11.4497;10.3549;9.90731;9.24243;8.70735;8.35992;8.23463;8.24924;8.41055;8.60776;8.97236;9.73596;10.1719;11.023;11.4799;13.3209;15",0.734718
"0;0.3;0.7"
1.37516,0.0105656,1.03899,"21.0395;21.1436;21.0727;20.195;18.5841;16.9241;16.1358;14.5512;14.1245;13.3444;12.142;10.1602;8.22317;7.05519;5.70522;4.29255;2.64368;1.23359;1.007;1","14.9708;13.6349;12.9062;12.4187;11.4497;10.3549;9.90731;9.24243;8.99825;8.70735;8.18607;7.91967;8.04404;8.45812;8.9465;9.58539;10.6576;11.4799;13.3209;15",0.630408
"0;0.4;0.6"
1.38915,0.00986132,1.04032,"21.0395;21.1436;21.0727;20.195;18.5841;16.9241;15.5607;14.2591;13.3444;12.142;10.6202;9.53241;8.13746;6.83171;5.24721;3.56812;2.95981;1.72045;1.23359;1.007;1","14.9708;13.6349;12.9062;12.4187;11.4497;10.3549;9.49046;9.16987;8.70735;8.18607;7.60253;7.63425;7.70345;8.25412;9.00886;9.84363;10.2795;11.1038;11.4799;13.3209;15",0.526006
"0;0.5;0.5"
1.40944,0.00832665,1.04225,"21.0395;21.1436;21.0727;20.5153;19.1959;18.5432;17.6795;16.9712;16.3237;14.7564;13.2671;11.7362;10.3336;8.67722;8.19814;7.05044;6.15198;5.78941;4.24605;2.72076;1.23359;1.007;1","14.9708;13.6349;12.9062;12.6689;11.4863;11.3247;10.4869;10.0445;9.76765;9.04841;8.31264;7.62864;7.3157;7.46354;7.43174;7.66582;8.13765;8.40822;9.25964;10.2748;11.4799;13.3209;15",0.421578
"0;0.6;0.4"
1.44909,0.00659468,1.04549,"21.0395;21.1191;21.0258;20.1741;18.5652;16.9324;16.1843;15.1547;13.9132;12.176;11.2108;10.1217;8.44591;6.8021;5.22934;3.71689;3.32775;2.72076;1.23359;1.007;1","14.9708;13.3405;12.2372;11.651;10.8053;9.72124;9.22086;8.69138;8.11346;7.13019;6.90373;6.77491;7.05621;7.37939;8.05481;9.1334;9.44115;10.2748;11.4799;13.3209;15",0.317155
"0;0.7;0.3"
1.48625,0.00503835,1.0511,"21.0395;21.1191;21.0727;20.6219;19.293;17.986;16.4151;15.7443;14.1401;13.5296;11.8954;10.8693;9.66284;8.46354;7.13083;5.76678;4.11215;3.16608;2.80613;1.4168;1.23359;1.007;1","14.9708;13.3405;12.9062;12.0511;10.6446;9.36127;8.24646;7.9704;7.1848;6.92927;6.36062;6.16118;6.24365;6.35001;6.86006;7.44874;8.35784;9.12003;9.55953;10.9934;11.4799;13.3209;15",0.212557
"0;0.8;0.2"
1.54623,0.00427303,1.05528,"21.0395;21.1436;21.0727;20.1741;19.293;17.986;16.4151;15.1494;14.1442;12.6002;10.9706;9.53693;8.80997;6.94297;5.34346;4.96436;3.40971;2.56056;2.23997;1.4168;1.23359;1.007;1","14.9708;13.6349;12.9062;11.651;10.6446;9.36127;8.24646;7.03336;6.33597;5.81863;5.33945;5.40364;5.52678;6.02265;6.52455;6.78414;7.91303;8.88407;9.62945;10.9934;11.4799;13.3209;15",0.106697
"0;0.9;0.1"
3.28223,0.00123604,15.6296,"21.0395;22.5528;23.3124;24.1296;24.4417;24.7987;24.8482;24.9168;24.9123;24.9569;24.9133;24.6035;24.32;23.8204;22.9875;22.2357;22.2062;21.0352;20.2094;19.1859;17.8772;16.0614;14.255;12.3245;11.4232;10.3765;9.00498;8.45335;7.7797;6.23982;5.73034;4.8318;3.69772;2.54515;1.62294;1.23069;0.389091;0.176007;0.0693592;0.124305;0.0132928;0.058401;0.0684531;0.0828325;0.137065;0.126755;0.0648299;0.517182;1","14.9708;16.0373;16.8988;18.346;19.202;21.0909;22.6244;24.4285;26.1934;26.8898;28.1302;30.0353;31.5522;33.018;34.5264;35.4961;35.5323;36.7254;37.3889;38.1683;38.8666;39.4555;39.7024;39.8256;39.8608;39.7761;39.3434;39.1343;38.8737;37.9949;37.7042;37.0965;35.8183;34.7061;33.0957;32.1543;30.4513;29.5779;27.8252;26.3489;24.6479;23.9959;22.1625;20.9675;19.439;18.7672;17.231;15.8706;15",0.00123972
"0;1;0"
1.24742,1.99642,1.08032,"20.9242;20.6723;20.5153;19.2816;17.3315;15.9707;14.5035;13.7041;11.8565;10.627;8.87732;7.08545;6.21159;4.43366;2.7183;1.70914;1.25385;1","15.1251;13.511;12.6689;12.3644;12.0044;11.5482;11.029;10.7246;10.0525;9.91083;10.3371;10.6129;10.8693;11.3781;11.8002;12.1378;14.0801;15",2.31553
"0.1;0;0.9"
1.26581,0.0762903,1.08207,"20.9242;20.6723;20.5153;19.0296;17.875;16.7164;15.7756;14.3349;12.9227;11.6632;10.5537;9.58724;8.47559;7.08545;6.12297;4.19709;2.7183;1.70914;1.25385;1","15.1251;13.511;12.6689;11.9856;11.6182;11.239;10.917;10.0754;9.61889;9.54162;9.56246;9.72496;10.3565;10.6129;10.7955;11.1387;11.8002;12.1378;14.0801;15",2.31369
"0.1;0.1;0.8"
1.2796,0.0415421,1.08339,"20.9242;20.6723;20.5153;19.1959;18.5432;16.8688;15.1786;13.289;11.391;9.47087;7.78944;6.21159;4.82662;4.19709;2.7183;1.70914;1.25385;1","15.1251;13.511;12.6689;11.4863;11.3247;10.5211;10.0497;9.45423;9.23612;9.64209;9.99642;10.8693;11.1132;11.1387;11.8002;12.1378;14.0801;15",2.31231
"0.1;0.2;0.7"
1.26966,0.029988,1.10004,"20.9242;20.6723;20.2114;19.0296;18.0054;16.3056;15.1821;13.9626;12.975;11.3891;9.58098;7.78944;7.0173;5.58895;4.19709;2.7183;1.70914;1.25385;1","15.1251;13.511;12.6492;11.9856;11.4811;10.5793;9.88817;9.50342;9.26368;9.07093;9.30944;9.99642;10.3163;10.7388;11.1387;11.8002;12.1378;14.0801;15",2.3133
"0.1;0.3;0.6"
1.27118,0.0228878,1.11509,"20.9242;20.6885;20.2114;19.0296;18.0054;16.3056;15.1821;13.5786;11.6169;10.2295;9.62583;8.2129;7.26724;5.82802;4.43366;2.89342;1.1603;1","15.1251;14.0845;12.6492;11.9856;11.4811;10.5793;9.88817;9.06044;8.94857;8.9734;9.03514;9.59011;10.1025;10.6836;11.3781;12.1443;13.0424;15",2.31315
"0.1;0.4;0.5"
1.27628,0.0202737,1.11558,"20.9242;20.6885;20.2114;19.0296;18.0054;16.3056;15.1821;13.5786;12.5999;11.622;10.6769;10.2042;9.62583;8.2129;7.26724;5.82802;4.43366;2.89342;1.1603;1","15.1251;14.0845;12.6492;11.9856;11.4811;10.5793;9.88817;9.06044;8.79029;8.63146;8.68281;8.82939;9.03514;9.59011;10.1025;10.6836;11.3781;12.1443;13.0424;15",2.31264
"0.1;0.5;0.4"
1.28123,0.0190492,1.10405,"20.9242;20.6723;20.2114;19.0296;18.0054;16.3056;15.1821;13.5786;11.7702;10.0556;8.69708;7.26724;5.82802;4.43366;2.89342;1.1603;1","15.1251;13.511;12.6492;11.9856;11.4811;10.5793;9.88817;9.06044;8.53979;8.7411;9.25711;10.1025;10.6836;11.3781;12.1443;13.0424;15",2.31215
"0.1;0.6;0.3"
1.28155,0.017714,1.17183,"20.9242;20.6723;19.2816;19.0296;18.0054;16.3056;15.1821;13.5786;11.7702;11.622;11.277;9.52648;8.48256;6.90962;5.82802;4.43366;2.89342;1.1603;1","15.1251;13.511;12.3644;11.9856;11.4811;10.5793;9.88817;9.06044;8.53979;8.63146;8.56968;8.72075;9.20062;10.003;10.6836;11.3781;12.1443;13.0424;15",2.31211
"0.1;0.7;0.2"
1.25296,0.0169052,1.28318,"20.9242;20.2989;19.4137;17.7267;17.3315;15.7756;14.9628;13.9705;12.5999;11.5385;10.0242;8.40651;6.74968;5.11687;3.60725;2.7183;1.55833;1","15.1251;14.462;13.2954;12.3004;12.0044;10.917;10.111;9.4077;8.79029;8.35992;8.3807;8.97837;9.92691;10.766;11.3936;11.8002;13.0795;15",2.31497
"0.1;0.8;0.1"
1.0717,0.00800218,5.10335,"21.0395;19.8765;18.4365;17.1139;16.4829;14.6715;13.8113;12.309;11.6558;10.3565;9.95377;8.0039;6.58527;5.4764;4.63833;3.10032;1.60323;1","14.9708;15.258;15.8047;16.3247;16.5798;17.0914;17.3201;18.0077;18.3786;18.4633;18.3628;18.2275;17.7948;17.3002;16.891;16.0578;15.1688;15",2.33358
"0.1;0.9;0"
1.22974,1.99396,1.11114,"20.9242;20.6885;20.2114;19.2816;17.7404;16.0796;14.1858;12.6479;11.8565;10.627;8.87732;7.08545;6.21159;4.43366;2.89342;1.1603;1","15.1251;14.0845;12.6492;12.3644;11.759;11.2887;10.7219;10.1594;10.0525;9.91083;10.3371;10.6129;10.8693;11.3781;12.1443;13.0424;15",4.63459
"0.2;0;0.8"
1.24079,0.110638,1.10019,"20.9242;20.6723;20.2114;19.2816;17.7404;16.7164;15.7756;14.613;13.0307;11.3448;9.58724;7.80966;6.21159;4.43366;2.89342;1.1603;1","15.1251;13.511;12.6492;12.3644;11.759;11.239;10.917;10.4773;9.87851;9.74876;9.72496;10.3471;10.8693;11.3781;12.1443;13.0424;15",4.63238
"0.2;0.1;0.7"
1.24731,0.0630686,1.11282,"20.9242;20.6885;20.2114;19.0296;17.875;16.7164;15.1386;13.418;12.4059;10.5537;9.58724;7.80966;6.21159;4.43366;2.89342;1.1603;1","15.1251;14.0845;12.6492;11.9856;11.6182;11.239;10.4813;9.63394;9.45929;9.56246;9.72496;10.3471;10.8693;11.3781;12.1443;13.0424;15",4.63107
"0.2;0.2;0.6"
1.25258,0.0514549,1.10132,"20.9242;20.6723;20.2114;19.0296;17.875;16.7164;15.1386;13.418;11.6632;9.88453;8.33244;7.26724;5.82802;4.43366;2.89342;1.1603;1","15.1251;13.511;12.6492;11.9856;11.6182;11.239;10.4813;9.63394;9.54162;9.45373;9.75081;10.1025;10.6836;11.3781;12.1443;13.0424;15",4.63002
"0.2;0.3;0.5"
1.25129,0.0388538,1.07123,"21.0395;20.6723;20.2114;19.0296;17.875;16.7164;15.9686;14.3349;12.9227;12.4059;10.9362;9.8208;8.33244;7.26724;5.82802;4.43366;2.89342;1.1603;1","14.9708;13.511;12.6492;11.9856;11.6182;11.239;10.6258;10.0754;9.61889;9.45929;9.1525;9.41391;9.75081;10.1025;10.6836;11.3781;12.1443;13.0424;15",4.63125
"0.2;0.4;0.4"
1.24469,0.0354712,1.15098,"21.0395;20.6723;20.0987;18.454;17.9989;17.0394;15.7756;15.1386;13.418;11.8591;11.4093;9.8208;8.33244;7.26724;5.82802;4.43366;2.89342;1.1603;1","14.9708;13.511;13.0558;12.3637;12.2518;11.6465;10.917;10.4813;9.63394;9.07048;9.11656;9.41391;9.75081;10.1025;10.6836;11.3781;12.1443;13.0424;15",4.63257
"0.2;0.5;0.3"
1.223,0.0299552,1.28033,"20.9242;20.2989;19.4137;17.7267;17.3315;15.8487;14.3349;13.289;11.6169;10.291;9.58098;8.33244;7.26724;5.58895;3.87301;2.7183;1.55833;1","15.1251;14.462;13.2954;12.3004;12.0044;10.9684;10.0754;9.45423;8.94857;9.10648;9.30944;9.75081;10.1025;10.7388;11.3741;11.8002;13.0795;15",4.63594
"0.2;0.6;0.2"
1.21266,0.026721,1.42625,"20.9242;20.2989;18.8325;18.1087;16.88;15.5089;14.3349;13.289;11.6169;10.2042;8.69708;7.0173;5.42103;3.81103;2.19611;1.92944;1.50238;1","15.1251;14.462;13.441;12.9338;12.0341;11.0666;10.0754;9.45423;8.94857;8.82939;9.25711;10.3163;11.511;12.2368;12.8894;12.9928;13.9676;15",4.63801
"0.2;0.7;0.1"
1.05041,0.0111128,5.00193,"21.0395;19.1851;17.5612;17.1088;15.2755;13.6837;11.9293;11.3403;10.2052;8.36228;6.73701;4.93776;3.5571;2.94762;1.60323;1","14.9708;15.3025;15.92;16.0587;16.6701;17.0327;17.5047;17.6553;17.7653;17.8914;17.4065;16.6509;16.1867;15.9246;15.1688;15",4.67143
"0.2;0.8;0"
1.22875,1.99895,1.11189,"20.9242;20.6723;20.2114;19.2816;17.7404;16.0796;14.1858;12.6479;11.8565;10.627;8.87732;7.55223;6.14694;5.28139;3.81103;1.96234;1.1603;1","15.1251;13.511;12.6492;12.3644;11.759;11.2887;10.7219;10.1594;10.0525;9.91083;10.3371;10.8388;11.3889;11.7489;12.2368;12.6781;13.0424;15",6.95218
"0.3;0;0.7"
1.2337,0.176351,1.06956,"21.0395;20.6723;20.2114;19.2816;17.7404;16.7164;15.7756;14.613;13.0307;11.3448;10.627;8.69685;7.08545;6.21159;4.43366;2.89342;1.1603;1","14.9708;13.511;12.6492;12.3644;11.759;11.239;10.917;10.4773;9.87851;9.74876;9.91083;9.98098;10.6129;10.8693;11.3781;12.1443;13.0424;15",6.95215
"0.3;0.1;0.6"
1.24089,0.0942621,1.07024,"21.0395;20.6723;20.2114;19.2816;17.7404;16.7164;15.7756;14.613;12.8912;12.4059;10.4669;8.69685;7.08545;6.21159;4.43366;2.89342;1.1603;1","14.9708;13.511;12.6492;12.3644;11.759;11.239;10.917;10.4773;9.62517;9.45929;9.89724;9.98098;10.6129;10.8693;11.3781;12.1443;13.0424;15",6.95
"0.3;0.2;0.5"
1.23388,0.0744494,1.16279,"21.0395;20.6723;20.0987;18.454;17.3315;15.9707;14.8308;13.5533;12.8912;11.2136;9.58724;8.47559;7.55223;6.14694;5.28139;3.79148;1.96234;1.1603;1","14.9708;13.511;13.0558;12.3637;12.0044;11.5482;10.861;10.0398;9.62517;9.39832;9.72496;10.3565;10.8388;11.3889;11.7489;12.2026;12.6781;13.0424;15",6.9521
"0.3;0.3;0.4"
1.21541,0.0569329,1.27742,"20.9242;20.1007;19.9791;19.4137;17.9989;17.0047;15.3207;15.0073;13.5533;12.8912;11.391;9.58724;7.80966;6.21159;4.43366;2.7183;1.55833;1","15.1251;13.8759;13.6259;13.2954;12.2518;12.05;11.1571;10.913;10.0398;9.62517;9.23612;9.72496;10.3471;10.8693;11.3781;11.8002;13.0795;15",6.95618
"0.3;0.4;0.3"
1.21366,0.0373764,1.30154,"20.9242;20.391;19.4137;17.7267;16.2286;14.8673;13.289;11.3891;9.57793;8.69685;7.08545;5.42103;3.81103;2.91694;1.55833;1","15.1251;14.373;13.2954;12.3004;11.3335;10.276;9.45423;9.07093;9.37305;9.98098;10.6129;11.511;12.2368;12.439;13.0795;15",6.95671
"0.3;0.5;0.2"
1.20232,0.0405615,1.42526,"20.9242;20.2989;18.8325;18.1087;16.88;15.9719;14.5035;13.5167;12.8912;11.3891;10.291;9.58098;7.78944;6.21159;5.42103;3.81103;2.19611;1.92944;1.50238;1","15.1251;14.462;13.441;12.9338;12.0341;11.7452;11.029;9.93887;9.62517;9.07093;9.10648;9.30944;9.99642;10.8693;11.511;12.2368;12.8894;12.9928;13.9676;15",6.96011
"0.3;0.6;0.1"
1.03974,0.0149549,4.95116,"21.0395;19.1851;18.7852;17.1088;15.8789;14.6347;12.8362;11.5251;9.97202;9.25994;7.88241;6.17524;4.44712;2.69514;1","14.9708;15.3025;15.5805;16.0587;16.2884;16.5412;16.9481;17.1803;17.5864;17.547;17.3225;16.7454;16.0312;15.4806;15",7.01034
"0.3;0.7;0"
1.198,2.00138,1.19043,"20.9242;20.391;19.3974;17.7267;15.9707;14.5035;13.7041;11.8565;10.627;8.87732;7.55223;6.14694;5.28139;3.79148;1.96234;1.1603;1","15.1251;14.373;12.8924;12.3004;11.5482;11.029;10.7246;10.0525;9.91083;10.3371;10.8388;11.3889;11.7489;12.2026;12.6781;13.0424;15",9.28187
"0.4;0;0.6"
1.22191,0.227315,1.15029,"21.0395;20.6723;20.0987;18.8043;17.3315;15.9707;14.5035;13.3656;12.2902;10.8402;9.19544;7.55223;6.14694;5.28139;3.79148;1.96234;1.1603;1","14.9708;13.511;13.0558;12.5362;12.0044;11.5482;11.029;10.4209;9.70033;9.72114;10.2206;10.8388;11.3889;11.7489;12.2026;12.6781;13.0424;15",9.27425
"0.4;0.1;0.5"
1.20569,0.110141,1.22598,"20.9242;19.9791;18.454;17.3315;16.0796;14.613;13.0307;12.2902;11.3448;9.58724;7.80966;6.21159;4.43366;2.7183;1.55833;1","15.1251;13.6259;12.3637;12.0044;11.2887;10.4773;9.87851;9.70033;9.74876;9.72496;10.3471;10.8693;11.3781;11.8002;13.0795;15",9.2788
"0.4;0.2;0.4"
1.20456,0.0658467,1.25561,"20.9242;20.391;19.9089;18.8043;17.9989;16.2286;14.613;12.8912;11.2835;9.58724;8.47559;7.55223;6.14694;5.28139;3.79148;2.91694;1.55833;1","15.1251;14.373;13.9602;12.5362;12.2518;11.3335;10.4773;9.62517;9.27113;9.72496;10.3565;10.8388;11.3889;11.7489;12.2026;12.439;13.0795;15",9.27925
"0.4;0.3;0.3"
1.19324,0.0617403,1.56515,"20.9242;20.2989;18.8325;18.1639;16.8322;16.1428;14.5035;12.9253;12.4059;11.391;10.7289;9.8208;8.47559;6.96058;5.42103;3.81103;2.19611;1.92944;1.50238;1","15.1251;14.462;13.441;13.3523;12.4565;12.0282;11.029;9.80784;9.45929;9.23612;9.30003;9.41391;10.3565;10.887;11.511;12.2368;12.8894;12.9928;13.9676;15",9.28378
"0.4;0.4;0.2"
1.19229,0.0530857,1.61766,"20.9242;19.485;18.7591;17.1283;16.1428;14.5035;12.9253;12.4059;11.391;9.58098;8.69685;6.96058;5.42103;3.79148;2.19611;1.92944;1.50238;1","15.1251;14.3047;13.9677;12.8693;12.0282;11.029;9.80784;9.45929;9.23612;9.30944;9.98098;10.887;11.511;12.2026;12.8894;12.9928;13.9676;15",9.28416
"0.4;0.5;0.1"
1.03335,0.0171913,4.92071,"21.0395;19.1851;18.4282;17.7951;15.9022;15.6694;13.861;12.7298;12.0077;10.3898;9.45232;7.79099;6.17524;4.44712;2.69514;1","14.9708;15.3025;15.4374;15.6795;16.1381;16.1653;16.7282;16.8269;17.0072;17.3003;17.3303;17.083;16.7454;16.0312;15.4806;15",9.34968
"0.4;0.6;0"
1.19307,2.02231,1.22478,"20.9242;19.9791;18.454;17.3315;15.9707;14.5035;13.7041;11.8565;10.627;9.19544;7.80966;6.21159;4.43366;2.7183;1.55833;1","15.1251;13.6259;12.3637;12.0044;11.5482;11.029;10.7246;10.0525;9.91083;10.2206;10.3471;10.8693;11.3781;11.8002;13.0795;15",11.6048
"0.5;0;0.5"
1.19544,0.125014,1.25249,"20.9242;20.2989;19.9089;18.8043;17.9989;17.0394;15.8487;14.613;13.0307;12.2902;10.5537;8.87732;7.55223;6.14694;5.28139;3.79148;2.91694;1.55833;1","15.1251;14.462;13.9602;12.5362;12.2518;11.6465;10.9684;10.4773;9.87851;9.70033;9.56246;10.3371;10.8388;11.3889;11.7489;12.2026;12.439;13.0795;15",11.6036
"0.5;0.1;0.4"
1.18807,0.1141,1.3762,"20.9242;20.2989;19.9089;18.4903;16.88;15.9719;14.5035;12.9253;12.4059;11.3448;9.58724;8.47559;7.55223;6.14694;5.28139;3.52344;1.92944;1.50238;1","15.1251;14.462;13.9602;12.9873;12.0341;11.7452;11.029;9.80784;9.45929;9.74876;9.72496;10.3565;10.8388;11.3889;11.7489;12.4812;12.9928;13.9676;15",11.6073
"0.5;0.2;0.3"
1.18084,0.0840554,1.5125,"20.9242;20.2989;18.8919;17.747;16.1428;15.5188;14.1858;13.0307;12.9253;11.2136;10.5537;9.58724;8.47559;6.94281;5.28139;3.46507;1.92944;1.50238;1","15.1251;14.462;13.6505;12.9964;12.0282;11.6988;10.7219;9.87851;9.80784;9.39832;9.56246;9.72496;10.3565;11.094;11.7489;12.4492;12.9928;13.9676;15",11.6109
"0.5;0.3;0.2"
1.18291,0.0672506,1.5127,"20.9242;20.2989;18.8919;17.747;16.1428;14.5035;12.9253;11.2136;9.88453;8.69685;6.96058;5.42103;3.79148;2.19611;1.92944;1.50238;1","15.1251;14.462;13.6505;12.9964;12.0282;11.029;9.80784;9.39832;9.45373;9.98098;10.887;11.511;12.2026;12.8894;12.9928;13.9676;15",11.6099
"0.5;0.4;0.1"
1.02965,0.0221404,4.90308,"21.0395;19.1851;18.4282;16.5435;15.6694;14.4398;13.6511;11.6925;9.89208;9.73546;8.08174;6.37524;4.44712;2.69514;1","14.9708;15.3025;15.4374;15.8751;16.1653;16.4826;16.5618;16.8266;17.1322;16.9767;16.9368;16.5311;16.0312;15.4806;15",11.6889
"0.5;0.5;0"
1.18055,2.00138,1.2455,"20.9242;19.9791;18.454;17.3315;15.9707;14.5035;13.7041;11.8565;10.627;8.87732;7.55223;6.14694;5.28139;3.79148;2.91694;1.55833;1","15.1251;13.6259;12.3637;12.0044;11.5482;11.029;10.7246;10.0525;9.91083;10.3371;10.8388;11.3889;11.7489;12.2026;12.439;13.0795;15",13.9333
"0.6;0;0.4"
1.17362,0.178062,1.42551,"20.9242;20.2989;18.8769;18.1087;16.7397;15.9707;14.1858;13.3656;11.6632;10.8449;9.19544;7.55223;6.94281;5.28139;3.46507;1.92944;1.50238;1","15.1251;14.462;13.3343;12.9338;12.1459;11.5482;10.7219;10.4209;9.54162;9.61237;10.2206;10.8388;11.094;11.7489;12.4492;12.9928;13.9676;15",13.9374
"0.6;0.1;0.3"
1.17504,0.134573,1.54301,"20.9242;19.485;18.1639;16.8322;16.1428;14.5035;13.3656;12.2902;11.6632;10.5371;8.69685;6.96058;5.42103;3.81103;2.19611;1.92944;1.50238;1","15.1251;14.3047;13.3523;12.4565;12.0282;11.029;10.4209;9.70033;9.54162;9.89217;9.98098;10.887;11.511;12.2368;12.8894;12.9928;13.9676;15",13.9366
"0.6;0.2;0.2"
1.17936,0.078765,1.42308,"20.9242;20.2989;18.8325;18.1087;16.88;15.3207;14.8308;13.5533;13.0307;12.9253;11.6632;10.5537;8.69685;6.96058;5.42103;3.79148;2.19611;1.92944;1.50238;1","15.1251;14.462;13.441;12.9338;12.0341;11.1571;10.861;10.0398;9.87851;9.80784;9.54162;9.56246;9.98098;10.887;11.511;12.2026;12.8894;12.9928;13.9676;15",13.934
"0.6;0.3;0.1"
1.02588,0.024068,4.88512,"21.0395;19.1851;18.4282;17.5431;15.7391;14.1021;13.6511;12.4076;11.5065;9.73546;8.08174;6.37524;4.44712;2.69514;1","14.9708;15.3025;15.4374;15.4776;15.9461;16.4622;16.5618;16.7134;16.8245;16.9767;16.9368;16.5311;16.0312;15.4806;15",14.029
"0.6;0.4;0"
1.16521,2.0015,1.30692,"21.0395;19.9791;19.4137;17.7267;15.9707;14.5035;13.7041;11.8565;10.627;8.87732;7.55223;6.94281;5.28139;3.46507;1.92944;1.50238;1","14.9708;13.6259;13.2954;12.3004;11.5482;11.029;10.7246;10.0525;9.91083;10.3371;10.8388;11.094;11.7489;12.4492;12.9928;13.9676;15",16.2696
"0.7;0;0.3"
1.17336,0.199013,1.63338,"20.9242;20.2989;18.7591;18.5542;16.9035;15.277;13.7041;12.6479;11.6632;10.8449;9.19544;7.55223;6.94281;5.28139;3.46507;1.92944;1.50238;1","15.1251;14.462;13.9677;13.8376;12.7547;11.8036;10.7246;10.1594;9.54162;9.61237;10.2206;10.8388;11.094;11.7489;12.4492;12.9928;13.9676;15",16.2605
"0.7;0.1;0.2"
1.18071,0.140015,1.65074,"20.9242;20.391;18.7591;17.1283;16.9035;15.277;13.7098;12.2902;11.3448;9.58724;8.47559;6.96058;5.42103;3.79148;2.19611;1.92944;1.50238;1","15.1251;14.373;13.9677;12.8693;12.7547;11.8036;10.6877;9.70033;9.74876;9.72496;10.3565;10.887;11.511;12.2026;12.8894;12.9928;13.9676;15",16.2554
"0.7;0.2;0.1"
1.02419,0.0250009,4.87712,"21.0395;19.1851;18.4282;16.5435;15.0375;13.1865;11.5065;9.73546;8.06453;6.37524;4.44712;2.69514;1","14.9708;15.3025;15.4374;15.8751;16.1102;16.4984;16.8245;16.9767;16.8993;16.5311;16.0312;15.4806;15",16.3683
"0.7;0.3;0"
1.15691,2.17492,1.51022,"20.9242;20.2989;18.8919;17.747;16.1428;14.4735;13.549;11.8565;10.627;8.87732;7.55223;6.94281;5.28139;3.46507;1.92944;1.50238;1","15.1251;14.462;13.6505;12.9964;12.0282;11.2678;10.8082;10.0525;9.91083;10.3371;10.8388;11.094;11.7489;12.4492;12.9928;13.9676;15",18.5966
"0.8;0;0.2"
1.17151,0.226229,1.42233,"20.9242;20.2989;18.8325;18.1087;16.7397;15.9707;14.1858;13.3656;12.2902;10.8402;9.19544;7.55223;6.94281;5.28139;3.46507;2.19611;1.92944;1.50238;1","15.1251;14.462;13.441;12.9338;12.1459;11.5482;10.7219;10.4209;9.70033;9.72114;10.2206;10.8388;11.094;11.7489;12.4492;12.8894;12.9928;13.9676;15",18.5849
"0.8;0.1;0.1"
1.02045,0.0391133,4.85927,"21.0395;19.1851;17.737;16.5119;14.6138;12.6416;10.7059;10.2521;8.3804;6.82891;6.40689;4.44712;2.69514;1","14.9708;15.3025;15.4976;15.6553;16.0012;16.3131;16.7185;16.7306;16.7245;16.3807;16.3751;16.0312;15.4806;15",18.7097
"0.8;0.2;0"
1.15294,2.17492,1.58895,"20.9242;20.2989;18.8919;17.747;16.1428;14.4735;13.549;11.8565;10.627;8.87732;7.55223;6.94281;5.28139;3.46507;1.79972;1","15.1251;14.462;13.6505;12.9964;12.0282;11.2678;10.8082;10.0525;9.91083;10.3371;10.8388;11.094;11.7489;12.4492;13.2715;15",20.9248
"0.9;0;0.1"
1.01745,0.0794358,4.84502,"21.0395;19.8765;18.4282;16.822;15.2524;13.901;12.6416;10.9069;9.70227;7.87913;6.77064;4.95055;4.44712;2.69514;1","14.9708;15.258;15.4374;15.5075;15.7815;15.8924;16.3131;16.3301;16.3248;16.1081;16.064;16.046;16.0312;15.4806;15",21.0511
"0.9;0.1;0"
1.00889,2.21687,4.80422,"21.0395;19.1851;18.4282;16.5119;15.2524;13.901;12.0199;11.1249;10.4258;8.5361;6.76983;5.41851;3.52149;1.74064;1","14.9708;15.3025;15.4374;15.6553;15.7815;15.8924;15.9728;16.0589;15.992;15.6651;15.4218;15.2515;15.0901;14.9984;15",23.3987
"1;0;0"
