Length, Risk, TravelTime, Paths.x, Paths.y , Fitness, Weights
24.8594,214.864,2.17433,"1;1.04891;1.05368;1.04897;1.0426;1.03015;1.22652;1.67134;2.03321;2.42139;2.86886;2.98879;3.10087;3.49508;3.78102;4.26746;4.72906;4.96809;5.34464;5.80736;6.06605;6.17444;6.60468;6.97806;7.42676;7.7916;8.22091;8.61005;9.07007;9.39993;9.75141;10.1576;10.6195;11.0182;11.5083;11.8565;12.3131;12.4393;12.8065;13.213;13.5976;13.8998;14.1497;14.489;14.9261;15.0248;15.4426;15.8974;16.3314;16.7753;17.1963;17.6115;17.8666;18.2381;18.564;18.9248;19.3741;19.647;19.9888;20.3371;20.7705;20.8378;20.8401;20.9318;20.967;20.9934;21.0037;21","15;14.567;14.2257;13.8922;13.5661;13.1049;12.781;12.6995;12.6066;12.4978;12.4139;12.3842;12.3195;12.1481;12.0273;11.9132;11.7378;11.6646;11.5362;11.4221;11.343;11.321;11.1461;11.004;10.9325;10.8204;10.6216;10.5186;10.3917;10.2696;10.0877;9.98156;9.85204;9.83736;9.92449;10.0202;10.1711;10.2134;10.3171;10.4527;10.5756;10.7192;10.8431;10.968;11.1249;11.1692;11.3089;11.4269;11.5238;11.6463;11.7856;11.9431;12.0287;12.1524;12.2328;12.367;12.5145;12.6457;12.7723;12.9111;12.9947;13.2696;13.7035;14.0001;14.2418;14.4242;14.9184;15",2.17433
"0;0;1"
35.4393,0.723183,2.25133,"1;1.02905;1.04885;1.06159;1.07034;1.09965;1.08494;1.09719;1.1368;1.1338;1.187;1.23535;1.23699;1.30481;1.38096;1.49091;1.62024;1.78443;1.82981;2.03409;2.24001;2.42988;2.55204;2.66035;2.83672;3.13823;3.44487;3.70783;4.03688;4.30101;4.56506;4.77295;5.03966;5.28251;5.62568;5.74143;6.07746;6.39717;6.65843;6.90142;7.09334;7.37717;7.68169;7.93271;8.26133;8.68897;9.04156;9.18064;9.60908;9.95103;10.3078;10.6873;11.1285;11.5196;11.9638;12.391;12.6792;13.1309;13.3752;13.8159;14.2307;14.6752;15.0981;15.4135;15.6555;15.8197;16.1996;16.5814;16.9218;17.1739;17.5364;17.8419;18.1796;18.4641;18.7572;19.1007;19.392;19.5783;19.7295;19.9233;20.1517;20.3418;20.4945;20.6101;20.7171;20.8158;20.9368;20.9966;21.0562;21.1014;21.0791;21.0638;21.0591;21.0612;21.0503;21.0389;21.0272;21","15;14.6486;14.4038;13.9978;13.6283;13.2802;12.9967;12.6819;12.3421;12.1106;11.6663;11.2146;11.1094;10.679;10.3533;9.91187;9.55003;9.13631;9.01561;8.62793;8.24518;7.93572;7.75123;7.60791;7.31765;6.94282;6.57259;6.29127;5.95304;5.68545;5.44576;5.26191;5.08495;4.91031;4.64561;4.5691;4.33743;4.20133;4.09647;3.97885;3.89343;3.78373;3.66607;3.60244;3.47588;3.35071;3.2705;3.24288;3.1286;3.09486;3.06095;3.04207;3.04108;3.01757;3.07157;3.13103;3.17171;3.27239;3.33536;3.44311;3.57288;3.72181;3.86782;3.99839;4.12441;4.20518;4.41606;4.68251;4.92304;5.09547;5.34798;5.60339;5.94203;6.28227;6.60935;6.96528;7.32876;7.63501;7.89139;8.23285;8.67012;9.11479;9.45764;9.8418;10.2181;10.6481;11.0963;11.4214;11.697;12.0882;12.5809;12.9959;13.3865;13.7371;14.1856;14.3954;14.7029;15",1.9457
"0;0.2;0.8"
42.9831,0.557215,2.37878,"1;1.02832;1.14788;1.13512;1.09539;1.10109;1.07738;0.998891;0.815635;0.658483;0.43983;0.342687;0.284001;0.22612;0.168879;0.161227;0.133433;0.120579;0.166503;0.219104;0.277971;0.436012;0.528809;0.641523;0.735165;0.881424;1.04932;1.08955;1.16557;1.39319;1.54172;1.75091;1.84502;2.05155;2.34037;2.37597;2.6812;2.95125;3.16855;3.50721;3.8237;4.2035;4.37494;4.66886;5.04027;5.43107;5.78798;6.14887;6.37252;6.63549;7.02499;7.30772;7.71796;8.00088;8.39977;8.82782;9.23738;9.38097;9.82174;10.1206;10.3427;10.8163;11.2501;11.6307;11.9196;12.2106;12.5005;12.7206;13.1964;13.6906;14.1385;14.321;14.7697;15.1748;15.4867;15.8779;16.2232;16.6265;17.0322;17.3881;17.6983;18.1005;18.4498;18.6713;18.9547;19.0796;19.3028;19.4465;19.5122;19.743;19.978;20.2787;20.4785;20.6656;20.8279;21.0711;21.2483;21.4271;21.5038;21.5928;21.6686;21.7245;21.7203;21.8026;21.8382;21.8389;21.8205;21.7862;21.7855;21.6762;21.4955;21.3667;21.2335;21.2788;21.3058;21.2365;21.137;21.0853;21","15;14.8661;14.4364;13.9682;13.7294;13.3143;13.0999;12.8583;12.4788;12.063;11.633;11.337;10.9337;10.6283;10.1367;9.89299;9.59879;9.3444;9.0004;8.58246;8.15355;7.71896;7.43565;7.14393;6.8881;6.46225;6.09099;5.97105;5.74663;5.41473;5.14408;4.82282;4.62809;4.36736;3.99612;3.93776;3.61656;3.30148;3.11436;2.78974;2.54573;2.28807;2.18676;1.99321;1.74942;1.53774;1.34064;1.2223;1.13449;1.03741;0.873786;0.775418;0.650333;0.587736;0.478128;0.413925;0.336138;0.292373;0.231688;0.235521;0.212013;0.21139;0.206554;0.194659;0.213301;0.184275;0.205007;0.229457;0.320288;0.373964;0.506176;0.574743;0.733744;0.880426;1.02717;1.2143;1.35567;1.57528;1.80616;2.05239;2.28126;2.46369;2.68293;2.86596;3.17605;3.32868;3.61437;3.80067;3.86005;4.26526;4.57259;4.95188;5.19815;5.51537;5.79654;6.22524;6.6513;7.04177;7.48493;7.82324;8.25942;8.69307;9.01822;9.42255;9.86904;10.338;10.4885;10.9306;11.2791;11.7602;12.2089;12.5621;12.8594;13.2513;13.7439;13.9531;14.3097;14.7216;15",1.65015
"0;0.4;0.6"
45.8921,0.529234,2.36598,"1;0.9749;0.974267;0.996189;1.00952;0.986287;0.886278;0.678178;0.430817;0.268587;0.158985;0.0492112;-0.0329965;-0.156006;-0.248927;-0.318998;-0.394586;-0.454668;-0.448026;-0.44639;-0.417676;-0.381093;-0.33632;-0.2991;-0.165474;-0.0706599;0.0134479;0.181028;0.380197;0.521031;0.73895;0.810545;1.06736;1.18784;1.43995;1.72041;1.88451;2.07961;2.39045;2.72716;3.11915;3.50359;3.67838;4.03283;4.39979;4.68671;5.00601;5.35005;5.74487;6.05161;6.48914;6.7312;7.07506;7.52849;7.94175;8.37312;8.68302;9.17494;9.43136;9.73615;10.2007;10.6259;10.9974;11.1932;11.543;11.7225;12.064;12.5063;12.8829;13.158;13.6189;14.1159;14.4555;14.7257;15.1576;15.422;15.7988;16.0432;16.3693;16.7372;16.7862;17.2157;17.308;17.6925;18.02;18.26;18.5286;18.9392;19.2079;19.3979;19.7451;19.9514;20.19;20.3575;20.6223;20.7984;20.9388;21.0803;21.3237;21.5071;21.6337;21.7398;21.8881;22.0239;22.1668;22.2443;22.3209;22.4116;22.4492;22.5085;22.5472;22.5657;22.5685;22.5582;22.5038;22.434;22.354;22.3045;22.2246;22.053;21.8742;21.7043;21.478;21.2539;21.044;21.0382;21.0343;21.0122;21.0133;20.9979;21","15;14.5006;14.0906;13.6485;13.2495;12.9944;12.8837;12.556;12.1768;11.872;11.6867;11.357;11.061;10.6929;10.2989;9.92818;9.60483;9.27764;8.90402;8.42944;8.22092;7.82361;7.47651;7.26008;6.85547;6.49439;6.12872;5.69982;5.26794;4.99201;4.59108;4.44672;4.11275;3.98576;3.66744;3.30479;3.12012;2.87221;2.55651;2.21565;1.92732;1.67865;1.55163;1.35006;1.13098;0.976407;0.820012;0.705438;0.548569;0.475039;0.368739;0.302336;0.24358;0.23354;0.192776;0.136699;0.152857;0.139592;0.127216;0.070004;0.0355139;0.0321978;0.051369;0.00969242;0.0365687;0.0213115;0.00420287;0.00436646;0.0341942;0.0582804;0.0788628;0.0761273;0.0933593;0.124547;0.187212;0.241895;0.289057;0.33482;0.430478;0.57467;0.586545;0.768745;0.814988;1.01458;1.19238;1.35766;1.55033;1.80949;2.00335;2.20644;2.54392;2.76863;3.012;3.20181;3.50472;3.70214;3.90207;4.14097;4.53055;4.85151;5.12617;5.34671;5.69738;6.08226;6.51049;6.70462;7.03573;7.48581;7.73716;8.09623;8.42869;8.8497;8.99501;9.49133;9.95185;10.2516;10.5472;10.7537;11.0383;11.4789;11.8354;12.1538;12.5299;12.7867;12.9891;13.2752;13.6625;13.9969;14.4602;14.9001;15",1.26393
"0;0.6;0.4"
49.7531,0.501828,2.41272,"1;0.946085;0.871908;0.772283;0.707573;0.678535;0.595439;0.239571;-0.0631245;-0.291172;-0.545355;-0.741922;-0.789764;-0.988792;-1.12624;-1.20302;-1.25465;-1.41094;-1.52247;-1.58598;-1.66085;-1.69507;-1.75077;-1.75078;-1.73243;-1.69122;-1.64;-1.58359;-1.48447;-1.33214;-1.15831;-0.942028;-0.804409;-0.585239;-0.423348;-0.282634;-0.0593524;0.0415392;0.307581;0.623219;0.995291;1.30832;1.52911;1.78604;1.96377;2.26522;2.65663;3.10733;3.43279;3.88154;4.04288;4.49855;4.93502;5.3023;5.48786;5.95193;6.28699;6.7076;7.16922;7.61238;8.07554;8.19352;8.65384;8.97333;9.35727;9.76793;10.0764;10.4307;10.6536;11.1464;11.3136;11.7328;11.863;12.0726;12.3447;12.7067;13.0029;13.4749;13.7429;14.1897;14.685;15.0902;15.4782;15.652;16.0669;16.4815;16.8762;17.2914;17.4982;17.923;18.2734;18.4947;18.8181;19.1207;19.5209;19.92;20.1477;20.5525;20.9002;21.0083;21.2855;21.5683;21.8056;22.0142;22.0922;22.2117;22.411;22.5956;22.7956;22.9405;23.066;23.1737;23.2202;23.2578;23.2908;23.3286;23.3535;23.3831;23.3908;23.3729;23.3609;23.3023;23.2177;23.1454;23.0431;22.9509;22.7832;22.628;22.403;22.1282;22.013;21.8719;21.6606;21.3377;21.1641;21.1257;21.0841;21.0456;21.012;21","15;14.6343;14.2945;13.8416;13.4202;13.2716;12.9997;12.6545;12.3338;12.0548;11.6891;11.3631;11.2829;10.9024;10.5746;10.384;10.2389;9.79677;9.45013;9.19946;8.744;8.46062;8.04824;7.7201;7.24198;6.91536;6.4634;6.14379;5.73134;5.26443;4.88691;4.4384;4.21735;3.83927;3.58083;3.39814;3.10929;2.98853;2.67413;2.31245;1.99131;1.74359;1.57179;1.37232;1.27552;1.10859;0.866856;0.674515;0.548885;0.400165;0.347169;0.220041;0.102888;0.0408067;0.0298921;0.0266172;0.0205982;0.021753;0.0117007;0.0469603;0.0384462;0.0241739;0.0214348;0.020607;0.0410916;0.0188282;0.00397618;0.0313798;0.0169589;0.0361852;0.0323455;0.0228577;0.0208254;0.024075;0.0351984;0.000551273;0.0030053;0.0131279;0.0148223;0.0142338;0.00569994;0.0327745;0.0235991;0.0237428;0.0256612;0.0263181;0.10859;0.180712;0.229342;0.34826;0.471377;0.558218;0.704329;0.858824;1.08658;1.33605;1.50982;1.77319;2.10061;2.20234;2.47114;2.77717;3.07858;3.37464;3.50162;3.7088;4.00654;4.31281;4.72466;5.11323;5.50839;5.86393;6.26379;6.43945;6.74954;7.05848;7.36986;7.84114;7.97509;8.43182;8.81091;9.18607;9.60419;9.9286;10.2988;10.5304;10.9291;11.2393;11.5742;11.9165;12.063;12.238;12.4643;12.8233;12.9993;13.4457;13.9236;14.3786;14.794;15",0.884006
"0;0.8;0.2"
53.5379,0.33021,26.7689,"1;0.633991;0.331264;0.134711;-0.144567;-0.347054;-0.621075;-0.877621;-1.15785;-1.4318;-1.71549;-1.88593;-1.96715;-2.14917;-2.21264;-2.31494;-2.42172;-2.53278;-2.63229;-2.65438;-2.69471;-2.72191;-2.72394;-2.72226;-2.68283;-2.64703;-2.59707;-2.53343;-2.49224;-2.35351;-2.24776;-2.13958;-1.93204;-1.80874;-1.59212;-1.45275;-1.21605;-0.978501;-0.849356;-0.534546;-0.24696;-0.0811681;0.282684;0.578795;0.790817;1.10096;1.26571;1.6604;2.04408;2.05212;2.43851;2.73289;3.0812;3.46216;3.89345;4.30181;4.50162;4.86364;5.32831;5.4818;5.84482;6.21647;6.46388;6.70301;7.03326;7.38714;7.54744;8.00412;8.17098;8.52293;8.9873;9.03202;9.48932;9.77427;10.2045;10.4272;10.9056;11.3888;11.862;12.2545;12.6897;13.1465;13.4334;13.6817;13.9862;14.1657;14.6575;14.8416;15.2178;15.5079;15.8128;16.2958;16.5911;17.0676;17.2915;17.7824;18.0646;18.5341;18.7264;19.0972;19.1763;19.3968;19.7404;20.147;20.3649;20.4265;20.5343;20.8529;21.1035;21.2197;21.3284;21.5819;21.9101;22.2572;22.4258;22.763;22.9553;23.2784;23.4743;23.7102;23.9147;24.0929;24.2282;24.3727;24.4808;24.639;24.7461;24.8409;24.9219;24.9487;24.9438;24.9177;24.8882;24.8669;24.8584;24.8312;24.7586;24.6741;24.5492;24.4182;24.2054;24.1423;23.9421;23.7312;23.5388;23.368;23.0765;22.8068;22.5134;22.261;21.9135;21.6392;21.3158;21","15;15.231;15.488;15.671;15.9739;16.1917;16.4758;16.8003;17.1431;17.4946;17.8626;18.145;18.3201;18.7667;18.9261;19.2802;19.5836;19.983;20.4697;20.5948;20.9438;21.2793;21.6166;22.0932;22.5662;22.7164;23.2053;23.5778;23.8589;24.3336;24.7025;25.0042;25.4268;25.7292;26.0813;26.326;26.713;27.0238;27.1716;27.5014;27.7845;27.947;28.2588;28.4731;28.6517;28.8585;28.9543;29.1643;29.3423;29.346;29.5082;29.605;29.706;29.7888;29.888;29.9566;29.9596;29.961;29.9753;29.9823;29.9584;29.9241;29.9509;29.9699;29.9778;29.9881;29.9905;29.9636;29.987;29.9859;29.9483;29.9479;29.916;29.9354;29.9731;29.9775;29.962;29.9619;29.9471;29.9688;29.9873;29.981;29.9564;29.9804;29.9697;29.9891;29.9885;29.9838;29.988;29.9752;29.959;29.9794;29.9534;29.98;29.9779;29.9312;29.8893;29.805;29.7631;29.688;29.6725;29.6209;29.5233;29.3964;29.2999;29.2709;29.2172;29.0522;28.9011;28.8305;28.761;28.5803;28.2813;27.9861;27.8319;27.4895;27.276;26.921;26.6832;26.3584;26.025;25.7118;25.419;25.0325;24.7346;24.2756;23.9245;23.5746;23.1689;22.8069;22.4203;22.0687;21.6951;21.2146;20.9293;20.6882;20.2098;19.8505;19.4812;19.1622;18.7126;18.5997;18.1702;17.7574;17.4922;17.2502;16.8634;16.5667;16.256;15.9864;15.6463;15.4388;15.2213;15",0.33021
"0;1;0"
23.9977,249.424,2.25287,"1;1.15873;1.35798;1.51996;1.59635;1.78413;1.89281;2.16804;2.51464;2.95885;3.38955;3.81182;4.27002;4.58478;4.79572;5.24215;5.69629;6.15094;6.54343;6.91877;7.24744;7.6045;7.83133;8.15906;8.51989;8.86416;9.10529;9.44613;9.87471;10.2551;10.7248;11.1494;11.4929;11.9601;12.216;12.5061;12.9277;13.3323;13.7248;14.1682;14.5793;14.8445;15.1215;15.598;15.8537;16.0778;16.5442;16.7828;17.1051;17.446;17.6026;18.0576;18.4642;18.79;19.1312;19.434;19.8288;20.2282;20.5464;20.6374;20.6776;20.7371;20.7823;20.8821;20.978;21","15;14.668;14.2704;13.8792;13.6629;13.2571;12.9993;12.9033;12.7198;12.5924;12.411;12.1818;12.0354;11.9475;11.8767;11.7513;11.6206;11.4303;11.2482;11.0999;11.0048;10.9091;10.8412;10.7167;10.6164;10.4359;10.3268;10.2133;10.0962;9.97645;9.85132;9.8917;9.93458;10.0297;10.1339;10.2468;10.413;10.5575;10.7129;10.893;11.0266;11.1083;11.1759;11.3059;11.377;11.4621;11.6147;11.6899;11.7801;11.8853;11.9472;12.1286;12.2516;12.3611;12.4847;12.5913;12.7616;12.9212;12.9986;13.2473;13.4565;13.8092;14.0497;14.4435;14.878;15",6.60183
"0.2;0;0.8"
26.3118,2.33406,2.32156,"1;1.14132;1.31666;1.45736;1.59781;1.80001;2.10266;2.45839;2.71888;3.04548;3.35035;3.49527;3.83858;4.16364;4.41606;4.83222;5.1861;5.50327;5.68909;5.99271;6.42462;6.77035;7.10743;7.25021;7.57898;7.75834;8.12389;8.19265;8.35044;8.502;8.86476;9.09964;9.52983;9.82618;10.0783;10.5012;10.787;11.1229;11.4929;11.8508;12.1984;12.5335;12.8941;13.3033;13.6836;14.0384;14.4638;14.8723;14.9102;15.1977;15.5726;15.9105;16.3227;16.5071;16.7443;17.1388;17.2605;17.6067;17.9995;18.2033;18.4473;18.6641;18.9567;19.2355;19.5997;19.9255;20.2542;20.3037;20.2848;20.5024;20.6215;20.663;20.7997;21","15;14.6359;14.1937;13.7558;13.3117;12.8877;12.6795;12.334;12.1262;11.7966;11.5381;11.371;11.0597;10.752;10.5082;10.2592;9.9466;9.68803;9.57172;9.3276;9.09208;8.88264;8.60078;8.46526;8.33784;8.2845;8.15583;8.12342;8.05062;7.98183;7.88078;7.80561;7.71837;7.67361;7.65504;7.63263;7.63885;7.61692;7.6166;7.66845;7.74973;7.83676;7.95551;8.04071;8.1918;8.36956;8.61535;8.8486;8.86922;9.01191;9.2784;9.44109;9.72367;9.87461;10.0993;10.3847;10.4911;10.7676;11.0542;11.2301;11.4242;11.6353;11.8525;12.0661;12.3585;12.7287;12.9895;13.2767;13.3812;13.7725;14.0156;14.0914;14.5603;15",7.1221
"0.2;0.2;0.6"
26.9664,1.89901,2.26769,"1;1.14894;1.26734;1.40832;1.48568;1.59712;1.69221;1.80405;2.06984;2.31647;2.59822;2.85801;3.12796;3.35461;3.66266;4.00693;4.32678;4.71574;5.00477;5.38327;5.61296;5.88969;6.06848;6.48062;6.83406;7.24873;7.4124;7.80638;8.17678;8.57096;8.98468;9.38136;9.86112;10.3412;10.5073;10.9229;11.2953;11.5988;11.7974;12.163;12.5551;12.6028;12.9873;13.4237;13.7355;14.0777;14.4651;14.6754;14.9451;15.2507;15.4973;15.8007;16.1685;16.3532;16.4762;16.8822;17.2573;17.3417;17.69;18.0204;18.3548;18.5255;18.7672;19.0841;19.4039;19.5841;19.9146;20.1226;20.3963;20.5295;20.6422;20.7405;20.8488;20.8631;20.9717;21","15;14.6804;14.3271;13.9131;13.6902;13.3844;13.1226;12.8741;12.5779;12.3039;12.0094;11.7774;11.5856;11.3201;11.0194;10.6937;10.3924;10.0818;9.77803;9.48475;9.30573;9.05231;8.91394;8.65082;8.42649;8.16878;8.08502;7.9003;7.75546;7.59588;7.45799;7.35617;7.29925;7.21423;7.20174;7.20312;7.19857;7.22153;7.22991;7.2588;7.34112;7.35186;7.46237;7.62942;7.73345;7.87996;8.05495;8.16417;8.29253;8.4552;8.59515;8.77969;9.01724;9.14215;9.22793;9.51439;9.8008;9.86508;10.1866;10.4723;10.7529;10.9258;11.1396;11.4549;11.7525;11.9218;12.268;12.5051;12.7759;13.217;13.5906;13.9246;14.3593;14.4191;14.8683;15",7.05995
"0.2;0.4;0.4"
27.4691,1.61136,2.38045,"1;1.17622;1.36094;1.44629;1.63448;1.83982;2.0913;2.36941;2.52783;2.80459;3.10659;3.27791;3.59182;3.91894;4.22006;4.55367;4.68712;4.97956;5.28353;5.46078;5.6691;5.73933;6.08374;6.28177;6.5399;6.877;7.16945;7.56735;8.00684;8.29756;8.76048;9.19119;9.62058;9.8939;10.2417;10.7234;11.2047;11.6105;11.9298;12.2383;12.5238;12.9342;13.2898;13.4413;13.8908;14.339;14.675;15.0936;15.2176;15.3112;15.6728;16.0627;16.4214;16.6229;16.9622;17.2384;17.5673;17.9164;18.124;18.3759;18.5738;18.7683;19.0388;19.3222;19.5407;19.8376;20.0616;20.2207;20.3386;20.4744;20.6085;20.7446;20.8897;20.95;21","15;14.6682;14.3492;14.166;13.7266;13.2956;12.8991;12.5339;12.3088;11.9199;11.5335;11.313;10.9414;10.5824;10.2815;9.9159;9.76488;9.47739;9.19943;9.03862;8.8494;8.78687;8.50194;8.3549;8.16654;7.93502;7.77849;7.57252;7.34126;7.23502;7.10641;6.95465;6.85107;6.79952;6.743;6.70049;6.69718;6.71187;6.73485;6.76137;6.8256;6.89791;6.98544;7.03058;7.1907;7.34588;7.54359;7.81571;7.88851;7.96092;8.20678;8.50821;8.80075;8.96934;9.28858;9.52719;9.84642;10.2028;10.3948;10.6833;10.9101;11.1051;11.4187;11.7201;12.0044;12.3947;12.7383;12.9893;13.369;13.6266;13.9456;14.3865;14.7453;14.8845;15",6.93673
"0.2;0.6;0.2"
23.0081,0.988267,11.504,"1;1.33445;1.47204;1.73027;1.97633;2.16409;2.5064;2.88719;3.16319;3.4938;3.76415;3.9769;4.34543;4.732;5.10304;5.26619;5.6084;5.95088;6.26446;6.61685;6.99159;7.38366;7.66728;8.12843;8.57298;9.03295;9.33036;9.74803;10.1667;10.6604;11.0677;11.3642;11.5897;11.7878;12.2818;12.3355;12.7867;12.9701;13.4464;13.7556;14.2075;14.5821;15.0234;15.4666;15.8476;16.1397;16.5047;16.5898;17.015;17.4057;17.5741;17.8762;17.9948;18.3897;18.7678;19.1026;19.4911;19.7065;19.9405;20.1969;20.523;20.6447;21","15;15.2691;15.392;15.6419;15.8622;16.0082;16.2465;16.5324;16.7649;17.0467;17.2175;17.3664;17.6232;17.9035;18.1432;18.23;18.4148;18.6546;18.8221;19.0179;19.223;19.388;19.5179;19.6382;19.7437;19.8488;19.8889;19.9658;19.9998;20.0356;19.9946;20.0122;20.0003;19.9822;19.9581;19.9477;19.8608;19.8414;19.7696;19.6798;19.5583;19.4235;19.2908;19.1108;18.8955;18.7649;18.5561;18.5074;18.2523;18.0079;17.9025;17.6971;17.6018;17.3245;17.0627;16.7896;16.4948;16.2928;16.0803;15.8143;15.4737;15.3258;15",5.39223
"0.2;0.8;0"
23.3319,230.247,2.54756,"1;1.13361;1.3337;1.43766;1.61024;1.83256;2.16053;2.50998;2.89222;3.35736;3.6765;4.12889;4.38691;4.73155;5.15152;5.41886;5.87178;6.29518;6.6107;6.99514;7.20695;7.62267;7.95001;8.33628;8.75439;9.05218;9.4793;9.92786;10.2988;10.7892;10.9797;11.3983;11.8422;12.1096;12.5027;12.7672;13.0714;13.5104;13.9016;14.3125;14.4505;14.7943;15.1973;15.6095;15.8716;16.2604;16.5483;16.8184;17.0507;17.5164;17.9055;18.197;18.3548;18.6728;18.8623;19.1449;19.3571;19.5039;19.7086;19.8668;20.1286;20.4105;20.6793;21","15;14.6619;14.2489;14.0538;13.7321;13.3476;12.982;12.842;12.66;12.4888;12.381;12.2151;12.1015;11.9706;11.7992;11.7003;11.523;11.3608;11.2437;11.1037;11.0181;10.859;10.7585;10.6164;10.4583;10.3582;10.1857;10.0643;9.93891;9.89822;9.89876;9.90066;10.0105;10.0647;10.2104;10.3092;10.4061;10.5669;10.7248;10.8855;10.9515;11.0771;11.2577;11.4327;11.5331;11.705;11.8268;11.9515;12.0387;12.1987;12.3635;12.4578;12.5196;12.6626;12.739;12.8465;12.9488;12.9979;13.3089;13.5463;13.8836;14.2403;14.623;15",10.8613
"0.4;0;0.6"
25.1396,3.32959,2.5038,"1;1.2397;1.45709;1.63144;1.7544;1.85352;2.11221;2.30823;2.44013;2.80272;3.06715;3.30004;3.66024;3.81464;4.18593;4.52854;4.74006;5.07445;5.21656;5.58846;5.88427;6.23352;6.64809;6.97498;7.37141;7.75208;8.13107;8.51078;8.7773;9.23279;9.63396;9.99996;10.3514;10.7007;11.0266;11.4762;11.8706;12.1551;12.5304;12.9592;13.107;13.3491;13.645;14.0325;14.1674;14.5049;14.8625;15.2546;15.616;15.8524;16.2368;16.5148;16.6594;17.0552;17.3439;17.6592;18.0594;18.3529;18.6463;18.903;19.11;19.3286;19.6729;19.9471;20.0897;20.3314;20.4095;20.5427;20.6653;20.8391;21","15;14.5844;14.211;13.8628;13.627;13.5016;13.0811;12.9076;12.8057;12.5043;12.2769;12.0786;11.7825;11.6748;11.3785;11.1076;10.8998;10.653;10.5609;10.3005;10.1203;9.88379;9.62955;9.4291;9.18245;8.99149;8.79186;8.61501;8.53068;8.44045;8.31896;8.24617;8.19397;8.17991;8.18086;8.23934;8.29437;8.35582;8.43751;8.5434;8.58788;8.66228;8.77427;8.95029;9.0236;9.19461;9.36533;9.60793;9.86205;9.97578;10.2599;10.4394;10.5581;10.8454;11.0434;11.2758;11.5631;11.8012;12.061;12.2795;12.4482;12.6178;12.8896;13.29;13.4943;13.8658;13.9615;14.2363;14.4216;14.7415;15",11.7233
"0.4;0.2;0.4"
21.2492,1.93966,10.6246,"1;1.18136;1.54248;1.80152;2.19303;2.45665;2.59212;2.95332;3.24947;3.69287;4.00009;4.42333;4.68752;5.14504;5.55434;5.98566;6.34367;6.5487;6.79454;7.26838;7.45482;7.75882;8.09692;8.56333;8.67159;9.06826;9.26238;9.65706;9.82189;10.163;10.3439;10.7024;11.1774;11.5649;12.0121;12.2694;12.5799;12.9168;13.3432;13.5451;14.0234;14.1523;14.5684;14.9149;15.3221;15.4949;15.8077;16.2087;16.6267;16.8455;17.25;17.6619;17.9047;18.2212;18.6561;19.0057;19.4477;19.7353;20.1569;20.5329;21","15;15.0887;15.2575;15.3818;15.5558;15.6506;15.7054;15.9008;16.0593;16.267;16.4181;16.5907;16.695;16.8652;17.0126;17.1834;17.3201;17.4083;17.4835;17.6157;17.6822;17.7914;17.8952;18.002;18.0177;18.1495;18.1791;18.2109;18.233;18.2654;18.2693;18.2764;18.2856;18.2714;18.2664;18.2469;18.2083;18.1594;18.0696;18.0225;17.8933;17.8682;17.6661;17.5527;17.4079;17.3493;17.2358;17.0782;16.9158;16.8176;16.6593;16.4887;16.3656;16.2445;16.0326;15.8565;15.6545;15.5142;15.3469;15.1767;15",11.4005
"0.4;0.4;0.2"
21.7825,1.45964,10.8912,"1;1.34136;1.75485;2.06794;2.24095;2.50983;2.83055;3.19517;3.30867;3.76916;4.19552;4.62647;4.93985;5.30394;5.70628;5.98598;6.37554;6.69582;7.12096;7.35866;7.7277;8.0411;8.32582;8.50266;8.90471;9.14866;9.52327;9.90963;10.4078;10.8534;11.2692;11.4067;11.8242;12.2892;12.6357;12.9209;13.3008;13.7082;13.9291;14.4008;14.7928;15.2612;15.5671;15.9898;16.393;16.7912;17.2248;17.652;17.9459;18.2525;18.5317;18.7217;19.1316;19.4136;19.6561;20.0994;20.3664;20.7003;21","15;15.1601;15.4106;15.5674;15.6921;15.8359;16.0125;16.2098;16.2616;16.4427;16.6854;16.9121;17.0479;17.2478;17.4655;17.6047;17.7626;17.8825;18.104;18.1929;18.3035;18.402;18.4941;18.551;18.6904;18.7612;18.8396;18.9074;18.9379;18.9729;18.9584;18.9535;18.9317;18.8769;18.8421;18.7772;18.6766;18.533;18.4544;18.3451;18.1855;18.0224;17.9278;17.7425;17.5533;17.3434;17.1512;16.9122;16.736;16.5744;16.4135;16.2892;16.0934;15.9549;15.837;15.6277;15.4678;15.27;15",9.58877
"0.4;0.6;0"
22.9597,237.591,2.96172,"1;1.38961;1.64271;1.81128;2.15096;2.45037;2.73478;3.05472;3.45591;3.87046;4.33665;4.76873;5.23318;5.40695;5.77127;6.01372;6.472;6.89308;7.0666;7.45931;7.74827;8.12102;8.56172;8.99342;9.38299;9.74811;10.1417;10.5598;11.0033;11.3709;11.8443;12.2099;12.6423;13.0029;13.2432;13.4733;13.7755;14.1725;14.5309;14.6921;15.089;15.4553;15.887;16.2962;16.6733;17.0449;17.475;17.7164;17.9874;18.264;18.5713;18.8643;19.0315;19.2342;19.5382;19.7517;19.9452;20.2069;20.5284;20.7389;21","15;14.6866;14.4609;14.2906;13.9517;13.6422;13.3567;13.064;12.7868;12.6415;12.4702;12.3168;12.1349;12.0741;11.9265;11.8145;11.6295;11.4555;11.3848;11.2118;11.0874;10.9196;10.7226;10.5288;10.3226;10.1597;9.99834;9.8976;9.81308;9.86903;9.98725;10.0882;10.2702;10.4756;10.574;10.6985;10.8197;10.9981;11.1685;11.22;11.3891;11.5379;11.6972;11.8348;11.9458;12.114;12.2522;12.3465;12.4386;12.5612;12.7066;12.8494;12.9124;13.0763;13.3238;13.5396;13.723;14.0201;14.3813;14.6532;15",14.9605
"0.6;0;0.4"
20.8287,2.80176,10.4143,"1;1.20314;1.596;1.85325;2.18164;2.64948;3.03083;3.39103;3.83443;4.3074;4.73368;5.17151;5.53211;6.00604;6.29297;6.609;6.91943;7.10285;7.51059;7.90515;8.19628;8.44997;8.9126;9.3125;9.79759;10.0485;10.3269;10.7824;11.1441;11.347;11.8043;12.2194;12.658;12.7778;13.2021;13.588;13.9672;14.2662;14.559;14.838;14.9389;15.3328;15.6265;16.0069;16.3209;16.776;17.2374;17.4731;17.888;18.0882;18.4556;18.7796;19.2121;19.5527;19.9118;20.2767;20.7492;21","15;15.0562;15.1765;15.2569;15.3585;15.5148;15.6637;15.8176;16.0005;16.1415;16.26;16.3859;16.5114;16.6637;16.7657;16.8656;16.9593;17.0073;17.1206;17.2438;17.3036;17.3669;17.4589;17.5495;17.6102;17.647;17.6785;17.7146;17.7242;17.7287;17.7098;17.6917;17.6318;17.6136;17.5412;17.4486;17.3509;17.2617;17.1771;17.0968;17.0666;16.9849;16.8795;16.7526;16.6536;16.4908;16.3232;16.2306;16.0901;16.0149;15.8902;15.7751;15.5957;15.4707;15.3501;15.2325;15.0923;15",15.1404
"0.6;0.2;0.2"
21.176,2.03658,10.588,"1;1.12431;1.46983;1.7357;2.00914;2.19272;2.28918;2.71085;3.11402;3.49292;3.67954;4.12483;4.4259;4.64381;4.98878;5.28255;5.3596;5.78108;6.23748;6.69137;6.9439;7.35185;7.74506;8.18047;8.6565;9.0143;9.28451;9.68256;10.0019;10.2284;10.5811;10.7739;10.9824;11.3286;11.4544;11.88;12.3265;12.6116;12.8446;13.3193;13.7286;13.9889;14.3724;14.6692;15.0467;15.3125;15.5956;16.0325;16.4508;16.744;17.0922;17.539;17.9055;18.319;18.6927;19.0108;19.4337;19.7523;20.1595;20.2728;20.6778;21","15;15.0534;15.2127;15.3149;15.4477;15.529;15.5685;15.7405;15.9194;16.09;16.1645;16.3493;16.4916;16.5795;16.7298;16.8628;16.8836;17.0495;17.216;17.4052;17.5102;17.635;17.7496;17.844;17.9373;17.9905;18.0343;18.0912;18.1301;18.1452;18.1772;18.1784;18.1718;18.1575;18.1534;18.1681;18.1617;18.1089;18.0721;17.9681;17.8893;17.7958;17.7102;17.6184;17.4986;17.4191;17.3279;17.1598;16.9766;16.8453;16.7047;16.5162;16.3729;16.1709;16.0035;15.8565;15.6589;15.5415;15.3826;15.3419;15.1611;15",13.5203
"0.6;0.4;0"
20.1582,91.301,10.0791,"1;1.47317;1.84032;2.21347;2.47139;2.76077;2.99416;3.36482;3.84359;4.30978;4.79419;5.14615;5.52294;5.76734;6.24337;6.67021;6.937;7.39051;7.76731;8.0222;8.30041;8.61006;9.00321;9.48871;9.83548;10.0073;10.3884;10.7441;11.2029;11.562;11.9859;12.3214;12.8107;13.2552;13.4617;13.8862;14.2736;14.7366;15.0377;15.378;15.5932;15.9547;16.3484;16.8077;17.2774;17.7688;18.0701;18.4295;18.9224;19.3831;19.6955;19.9009;20.331;20.7419;21","15;15.0552;15.1132;15.1635;15.1915;15.2163;15.2328;15.2641;15.3161;15.3886;15.4227;15.4549;15.4984;15.5172;15.5643;15.6266;15.6439;15.7205;15.7864;15.837;15.8719;15.9005;15.9488;16.0015;16.0222;16.0315;16.1102;16.1326;16.1667;16.1174;16.0955;16.0801;16.044;15.9946;15.9812;15.9332;15.9122;15.8612;15.8463;15.79;15.7773;15.7378;15.7184;15.6789;15.5938;15.5484;15.5015;15.4223;15.3408;15.2622;15.2051;15.1519;15.0693;15.0353;15",18.1423
"0.8;0;0.2"
20.7963,2.95353,10.3981,"1;1.12567;1.57848;2.0482;2.22549;2.60226;3.03079;3.12486;3.54102;3.95606;4.36269;4.62;4.86365;5.21544;5.63254;6.08961;6.48071;6.75185;7.1479;7.42276;7.84245;8.15788;8.58931;9.03263;9.44624;9.89257;10.3671;10.6586;10.8695;10.9778;11.3302;11.7416;12.1443;12.6375;12.712;13.1374;13.3534;13.727;14.0416;14.371;14.5997;15.0686;15.5322;16.0133;16.4484;16.7062;17.1294;17.375;17.7478;18.0109;18.4281;18.7533;19.2045;19.6274;20.1048;20.4047;20.6034;21","15;15.0358;15.158;15.2722;15.3265;15.4555;15.6426;15.6799;15.8377;15.9243;16.0536;16.1634;16.2508;16.3912;16.5279;16.6763;16.7821;16.8556;16.9611;17.0345;17.1702;17.2799;17.3811;17.4732;17.5546;17.5985;17.6425;17.6489;17.6406;17.6337;17.6084;17.6095;17.574;17.5252;17.5109;17.4421;17.393;17.333;17.2765;17.1833;17.1103;16.9417;16.8361;16.7016;16.5666;16.4746;16.3216;16.2271;16.0912;16.0036;15.8478;15.7487;15.5735;15.454;15.3214;15.2276;15.1532;15",17.2277
"0.8;0.2;0"
20.1506,104.284,10.0753,"1;1.27768;1.66243;2.13649;2.21034;2.66901;3.02112;3.47089;3.84755;4.30356;4.52807;4.8394;5.20265;5.39995;5.85313;6.18726;6.55463;7.03006;7.3387;7.70624;7.96546;8.43521;8.62151;9.07128;9.5522;9.85262;10.3314;10.6794;10.8374;11.2429;11.58;11.832;12.2173;12.6758;13.0477;13.4908;13.8649;14.2557;14.7445;14.9109;15.3033;15.7463;16.1182;16.4598;16.6896;17.183;17.6376;17.9468;18.2758;18.6525;18.9495;19.3562;19.6782;20.0362;20.4518;20.8403;21","15;15.0407;15.0768;15.12;15.1261;15.1983;15.254;15.3069;15.3516;15.441;15.4757;15.5235;15.5852;15.6193;15.6867;15.7197;15.7572;15.834;15.8739;15.9219;15.9361;15.9962;16.008;16.0327;16.0764;16.1165;16.1468;16.1568;16.152;16.0986;16.0759;16.0617;16.0326;15.9909;15.9383;15.8899;15.85;15.8327;15.7732;15.7374;15.679;15.6426;15.618;15.5793;15.547;15.4971;15.4591;15.4409;15.3925;15.3328;15.2883;15.2383;15.1894;15.1562;15.1013;15.0141;15",20.1506
"1;0;0"
